type,CO,CO2
Car,0.12,550.27
Car,0.0118,343.88
Car,0.5,511.93
Car,0.06,296.63
Car,0.61,603.49
Car,0.05,353.09
Car,0.7897,551.4037
Car,0.3147,333.29
Car,0.64907,529.36
Car,0.1417,306.95
Car,0.335,536.18
Car,0.03758,309.22
Car,0.67,292
Car,0.14,199
Car,0.88,308
Car,0.59,374
Car,2.19,365
Car,1.03,323
Car,0.12,203
Car,0.84,368
Car,3.02,363
Car,0.78,301
Car,0.73,314
Car,0.13,200
Both,1.08,309
Both,0.48,338
Both,1.24,332
Both,0.67,282
Both,0.19,189
Both,0.4,374
Both,0.33,393
Both,0.22,233
Both,1.2,362
Both,0.53,379
Both,1.53,488
Both,0.04,448
Both,1.46,363
Both,0.35,391
Both,0.28,236
Car,1.28,422
Car,1.63,343
Car,1.15,429
Car,0.71,358
Car,0.17,219
Both,0,297
Both,0,297
Both,0,297
Both,0.233,329
Both,0.233,329
Both,0.233,329
Both,0.37,409
Both,0.37,409
Both,0.37,409
Both,0.002,358
Both,0.002,358
Both,0.002,358
Both,0.002,309
Both,0.002,309
Both,0.002,309
Both,0.003,194
Both,0.003,194
Both,0.003,194
Both,0.209,333
Both,0.209,333
Both,0.209,333
Both,1.15,387
Both,0.55,384
Both,1.52,475
Both,1.36,388
Both,0.3,464
Both,0.67,396
Both,0.3,251
Truck,0.46,358
Truck,0.11,230
Both,0.13,229
Both,0.163,357
Both,0.24,417
Both,0.24,417
Both,0.24,417
Both,0,361
Both,0,361
Both,0,361
Both,0,358
Both,0,358
Both,0,358
Both,0.34,356
Both,0.34,356
Both,0.34,356
Both,0,231
Both,0,231
Both,0,231
Both,0,351
Both,0,351
Both,0,351
Both,0.31,340
Both,0.31,340
Both,0.31,340
Truck,1.15,323
Truck,0.573,324
Truck,1.3,382
Truck,0.93,292
Truck,0.46,223
Truck,0.25,458
Truck,0.61,295
Truck,0.002,402
Truck,0.002,402
Truck,0.002,402
Truck,0.111,502
Truck,0.111,502
Truck,0.111,502
Truck,0,480
Truck,0,480
Truck,0,480
Truck,0.21,446
Truck,0.21,446
Truck,0.21,446
Truck,0,260
Truck,0,260
Truck,0,260
Truck,0.002,432
Truck,0.002,432
Truck,0.002,432
Truck,0.169,492
Truck,0.169,492
Truck,0.169,492
Truck,0.001,389
Truck,0.001,389
Truck,0.001,389
Truck,0.19,422
Truck,0.19,422
Truck,0.19,422
Truck,0.001,248
Truck,0.001,248
Truck,0.001,248
Car,0.51,645
Car,1.41,387
Car,3.49,479
Car,2.03,690
Car,0.99,746
Car,1.88,737
Car,0.54,654
Car,0.92,372
Car,2.78,460
Car,1.58,727
Car,0.59,649
Car,0.94,355
Car,3.6,439
Car,1.58,703
Car,2.06,728
Car,0.37,577
Car,0.01,312
Car,0.284,425
Car,0.003,579
Car,1.52,652
Car,0.187,577
Car,0.039,307
Car,0.792,421
Car,1.76,640
Car,0.043,592
Car,2.3,541
Car,0.25,483
Car,1.33,414
Car,0.43,463
Car,0.35,307
Car,0.34,466
Car,0.25,296
Car,0.88,395
Car,3.13,548
Car,0.34,517
Car,0.35,467
Car,0.08,474
Car,0.37,378
Car,2.09,572
Car,0.18,253
Car,0.36,532
Car,0.12,286
Car,0.34,422
Car,1.92,658
Car,0.11,526
Both,0.3,396
Both,0.09,248
Both,0.9,356
Both,0.06,448
Both,1.29,455
Both,0.93,376
Both,0.13,460
Both,1.7,472
Both,0.38,401
Both,0.21,256
Both,0.39,443
Both,0.21,266
Both,0.24,363
Both,1.47,457
Both,0.01,460
Car,0.007,484
Car,0.076,276
Car,0.23,375
Car,1.063,531
Car,0.21,438
Car,0.01,491
Car,1.012,522
Car,0.122,352
Car,0.248,424
Car,0.057,247
Car,0.238,424
Car,0.068,241
Car,2.18,366
Car,0.45,383
Car,0.16,210
Car,0.39,311
Car,0.4,312
Car,2.13,365
Car,0.33,381
Car,0.35,306
Car,0.14,204
Car,0.27,294
Car,0.29,555
Car,1.97,624
Car,0.33,429
Car,0.24,278
Car,0.4,511
Car,0.03,526
Car,1.31,599
Car,0.2,384
Car,0.28,462
Car,0.19,263
Car,0.191,510
Car,0.768,625
Car,4.87,648
Car,0.285,617
Car,0.013,333
Car,0.556,576
Car,0.056,485
Car,0.012,314
Car,0.428,589
Car,0.015,303
Car,0.042,479
Car,0.019,652
Car,3.826,703
Car,0.41,592
Car,0.01,298
Car,0.046,465
Car,0.77583,690.22275
Car,0.11,408.10588
Car,0.19,558.76453
Car,0.01,777.17787
Car,3.94,776.52874
Both,0.5650053,290.8360369
Both,0.2026875,172.298865
Both,0.6936,298
Both,0.5209,171.77
Both,0.5102,291.76
Both,0.5348,180.39
Both,0.8534,305.08
Both,0.7105,180.24
Both,0.6822,320.03
Both,0.6262,186.01
Both,0.833,191.34
Both,1.1438,326.22
Both,0.4407,292.05
Both,0.5611,312.03
Both,0.3547,189.51
Both,0.3829,291.04
Both,0.4473,186.34
Both,0.3756,304.85
Both,0.5841,308.62
Both,0.3803,202.86
Both,0.9248,335.65
Both,0.7965,205.61
Both,0.5228,313.69
Both,0.4717,323.97
Both,0.3998,201.71
Both,0.2867,291.87
Both,0.167,173.83
Both,0.5906882,289.964953
Both,0.3273016,169.320866
Both,0.3219,315.57
Both,0.2664,180.35
Both,0.4665,299.04
Both,0.2484,180.32
Both,0.3514,311.58
Both,0.2612,178.96
Both,0.6426,298.21
Both,0.2636,181.35
Both,0.398889,184.3283971
Both,0.582147,309.8485824
Car,0.035,241.11
Car,0.035,241.11
Car,0.035,241.11
Car,0.035,241.11
Car,0.0254,159.21
Car,0.0254,159.21
Car,0.0254,159.21
Car,0.0254,159.21
Car,0.0848,247.97
Car,0.0848,247.97
Car,0.0848,247.97
Car,0.0848,247.97
Car,0.0078,154.67
Car,0.0078,154.67
Car,0.0078,154.67
Car,0.0078,154.67
Car,0.0386,240.2
Car,0.0386,240.2
Car,0.0386,240.2
Car,0.0386,240.2
Car,0.0087,158.15
Car,0.0087,158.15
Car,0.0087,158.15
Car,0.0087,158.15
Car,0.0086,156
Car,0.0086,156
Car,0.0086,156
Car,0.0086,156
Car,0.0477,250.33
Car,0.0477,250.33
Car,0.0477,250.33
Car,0.0477,250.33
Car,0.0083,165.86
Car,0.0083,165.86
Car,0.0083,165.86
Car,0.0083,165.86
Car,0.0385,247.87
Car,0.0385,247.87
Car,0.0385,247.87
Car,0.0385,247.87
Car,0.009,169.95
Car,0.009,169.95
Car,0.009,169.95
Car,0.009,169.95
Car,0.0482,253.89
Car,0.0482,253.89
Car,0.0482,253.89
Car,0.0482,253.89
Car,0.0105,173.85
Car,0.0105,173.85
Car,0.0105,173.85
Car,0.0105,173.85
Car,0.0324,255.64
Car,0.0324,255.64
Car,0.0324,255.64
Car,0.0324,255.64
Car,0.0319,267.8
Car,0.0319,267.8
Car,0.0319,267.8
Car,0.0319,267.8
Car,0.0095,176.48
Car,0.0095,176.48
Car,0.0095,176.48
Car,0.0095,176.48
Car,0.0092,166.81
Car,0.0092,166.81
Car,0.0092,166.81
Car,0.0092,166.81
Car,0.0259,248.85
Car,0.0259,248.85
Car,0.0259,248.85
Car,0.0259,248.85
Car,0.0109,165.87
Car,0.0109,165.87
Car,0.0109,165.87
Car,0.0109,165.87
Car,0.0283,249.22
Car,0.0283,249.22
Car,0.0283,249.22
Car,0.0283,249.22
Car,0.0281389,246.2729224
Car,0.0281389,246.2729224
Car,0.0281389,246.2729224
Car,0.0281389,246.2729224
Car,0.0073576,164.0993753
Car,0.0073576,164.0993753
Car,0.0073576,164.0993753
Car,0.0073576,164.0993753
Car,0.0076139,164.9278876
Car,0.0076139,164.9278876
Car,0.0076139,164.9278876
Car,0.0076139,164.9278876
Car,0.0232,259.42
Car,0.0232,259.42
Car,0.0232,259.42
Car,0.0232,259.42
Car,0.0122,169.94
Car,0.0122,169.94
Car,0.0122,169.94
Car,0.0122,169.94
Car,0.0682779,175.1535785
Car,0.3899787,303.5073054
Car,0.0183,177.07
Car,0.4167,296.85
Car,0.2266,304.09
Car,0.0309,172.29
Car,0.2572,306.77
Car,0.0236,173.05
Car,0.7633757,291.7086768
Car,0.2288419,177.2019934
Car,0.7160399,297.9622857
Car,0.3901552,176.5914764
Car,0.3084,280.54
Car,0.1934,183.55
Car,0.3291,309.77
Car,0.1518,176.22
Car,0.3709,318.7
Car,0.302,188.05
Car,0.376,301.14
Car,0.2305,177.86
Car,0.377,307.51
Car,0.1856,182.22
Car,0.2453,306.26
Car,0.0187,179.75
Car,0.2153,311.44
Car,0.0209,178.98
Car,0.2823,311.84
Car,0.0463,188.36
Car,0.0594,188.64
Car,0.3279,313.4
Car,0.438,296.84
Car,0.1828,185.46
Car,0.1724,187.14
Car,0.4623,298.83
Car,0.2942,308.56
Car,0.3013,182.42
Car,0.3371,313.29
Car,0.2451,184.71
Car,0.2224,314.06
Car,0.0771,187.17
Car,0.4814,319.25
Car,0.0823,191.28
Car,0.251,317.31
Car,0.0947,192.3
Car,0.3029,328.68
Car,0.0985,194.53
Both,0.5574,312.82
Both,0.322,192.89
Both,0.541,313.34
Both,0.3653,193.01
Both,0.5007,330.03
Both,0.3653,194.06
Both,0.5173,329.87
Both,0.3818,193.97
Both,0.4062,329.73
Both,0.2941,195.29
Both,0.5225,310.12
Both,0.2018,197.57
Both,0.4515,308.27
Both,0.3191,193.74
Both,0.6202872,322.1380716
Both,0.238689,197.1832922
Both,0.2915,338.72
Both,0.1221,206.08
Both,0.2532,338.69
Both,0.2434,209.65
Both,0.3462,307.75
Both,0.0234,190.88
Both,0.2256,309.43
Both,0.073,189.68
Both,0.4216,310.05
Both,0.1276,194.75
Both,0.3132,305.98
Both,0.2185,335.85
Both,0.5839,193.83
Both,0.1631,332.07
Both,0.6818,193.91
Both,0.2034,352.79
Both,0.4618,224.21
Both,0.2463,353.7
Both,0.5069,222.32
Both,0.5620555,213.1906215
Both,0.187488,208.3904609
Both,0.2980816,339.265242
Both,0.4148178,338.8763017
Both,0.3037014,351.6197516
Both,0.4694289,211.6153969
Both,0.583653,341.5732327
Both,0.323843,356.0090979
Both,0.6534987,211.6183135
Both,0.2248,355.03
Both,0.4421,205.69
Both,0.3632,350.09
Both,0.1272,207
Both,0.1846,369.66
Both,0.1908,206.83
Car,0.2168,309.37
Car,0.0455,178.19
Car,0.036429,180.4173559
Car,0.4921597,334.1311732
Car,0.1728,312.82
Car,0.0278,184.55
Car,0.1993,328.05
Car,0.0821,186.85
Car,0.3061,323.42
Car,0.0684,191.71
Car,0.2656,337.68
Car,0.0493,189.66
Car,0.2348,333.22
Car,0.0402,192.29
Car,0.2385,342.98
Car,0.0427,197.98
Both,0.7415,318.73
Both,0.167,180.4
Both,0.5754,322.16
Both,0.1918,186.87
Both,0.3390915,173.9148006
Both,0.5607935,281.1368699
Both,0.3501,302.62
Both,0.1877,175.11
Both,0.5329289,284.1055776
Both,0.1594961,176.9809913
Both,0.3733,311.03
Both,0.1757,179.72
Car,0.1749,300.53
Car,0.0197,172.38
Car,0.0437,173.18
Car,0.18,312.41
Car,0.0485,173.08
Car,0.3248,309.7
Car,0.0345,182.58
Car,0.2321,321.47
Car,0.0535,183.93
Both,0.4218,302.74
Both,0.2736,187.57
Both,0.5795,319.55
Both,0.5462,183.78
Both,0.4751,307.18
Both,0.7607,191.73
Both,0.4703,321.4
Both,0.5606,190.18
Car,0.1893,308.63
Car,0.1893,308.63
Car,0.0302,184.45
Car,0.0302,184.45
Car,0.2135,321.19
Car,0.2135,321.19
Car,0.0438,184.37
Car,0.0438,184.37
Car,0.1802,314.87
Car,0.1802,314.87
Car,0.0878,188.54
Car,0.0878,188.54
Car,0.2782,327.04
Car,0.2782,327.04
Car,0.0839,189.11
Car,0.0839,189.11
Both,0.0968,342.41
Both,0.1093,199.79
Both,0.1489,342.26
Both,0.0848,198.94
Both,0.158,350.84
Both,0.2176,206.78
Both,0.1218,356.62
Both,0.2854,199.4
Both,0.6268,357.41
Both,0.8367,212.97
Both,0.2999,332.2
Both,0.0974,196.09
Both,0.357433,357.8711569
Both,0.2172299,201.1570794
Both,0.3657,328.13
Both,0.1845,194.16
Both,0.108,347.07
Both,0.1846,196.74
Both,0.048678,200.1706269
Both,0.5061911,339.6815633
Both,0.3292,350.01
Both,0.2825,200.74
Both,0.559,368.85
Both,0.8299,225.38
Both,0.3584,342.28
Both,0.2671,205.38
Both,0.3593,365.01
Both,0.1338,204.62
Car,0.4221,291.97
Car,0.1918,180.38
Car,0.2597,286.33
Car,0.2951,193.02
Car,0.2907,190.45
Car,0.4451,317.47
Car,0.4416,189.44
Car,0.5772,320.72
Car,0.257,195.83
Car,0.4176,302.1
Car,0.2656,190.65
Car,0.5188,325.44
Car,0.3233,191.38
Car,0.0559,304.08
Car,0.0559,304.08
Car,0.0559,304.08
Car,0.0559,304.08
Car,0.0741,191.29
Car,0.0741,191.29
Car,0.0741,191.29
Car,0.0741,191.29
Car,0.0542,314.48
Car,0.0542,314.48
Car,0.0542,314.48
Car,0.0542,314.48
Car,0.0371,189.47
Car,0.0371,189.47
Car,0.0371,189.47
Car,0.0371,189.47
Car,0.0671,303.01
Car,0.0671,303.01
Car,0.0671,303.01
Car,0.0671,303.01
Car,0.0231,185.21
Car,0.0231,185.21
Car,0.0231,185.21
Car,0.0231,185.21
Car,0.0653,300.42
Car,0.0653,300.42
Car,0.0653,300.42
Car,0.0653,300.42
Car,0.0769,179.58
Car,0.0769,179.58
Car,0.0769,179.58
Car,0.0769,179.58
Car,0.0582,307.45
Car,0.0582,307.45
Car,0.0582,307.45
Car,0.0582,307.45
Car,0.037,195.67
Car,0.037,195.67
Car,0.037,195.67
Car,0.037,195.67
Car,0.0571,302.13
Car,0.0571,302.13
Car,0.0571,302.13
Car,0.0571,302.13
Car,0.0946,322.24
Car,0.0946,322.24
Car,0.0946,322.24
Car,0.0946,322.24
Car,0.1071,194.44
Car,0.1071,194.44
Car,0.1071,194.44
Car,0.1071,194.44
Car,0.1646116,303.2200016
Car,0.1646116,303.2200016
Car,0.1646116,303.2200016
Car,0.1646116,303.2200016
Car,0.0072278,185.3841327
Car,0.0072278,185.3841327
Car,0.0072278,185.3841327
Car,0.0072278,185.3841327
Car,0.0459,307.19
Car,0.0459,307.19
Car,0.0459,307.19
Car,0.0459,307.19
Car,0.0343,196.03
Car,0.0343,196.03
Car,0.0343,196.03
Car,0.0343,196.03
Car,0.1247,336.4
Car,0.104,208.04
Car,0.0755,337.83
Car,0.1084,213.33
Car,0.2171,362.15
Car,0.1519,214.91
Car,0.1554,383.59
Car,0.2136,215.01
Car,0.1692,329.56
Car,0.0698,201.25
Car,0.3011089,216.9896051
Car,0.3061176,382.2395438
Car,0.3073815,380.8313023
Car,0.4423583,222.8229476
Car,0.2366,350.95
Car,0.6891,197.76
Car,0.3774,363.79
Car,1.7891,208.51
Car,0.3597,236.1
Car,0.1828,366.3
Car,0.1132,377.29
Car,0.3197,229.05
Car,0.243,380.1
Car,0.4723,228.87
Car,0.237,366.38
Car,0.4009,231.72
Car,0.1007,353.9
Car,0.125,223.61
Car,0.1175,355.45
Car,0.0777,225.89
Car,0.4842,381.27
Car,0.5081,220.42
Car,0.3706,375.19
Car,0.1987,224.14
Car,0.2493,333.96
Car,0.1991,209.35
Car,0.1426,329.17
Car,0.0485,213.95
Car,0.1612,326.42
Car,0.2154,370.99
Car,1.8165,216.94
Car,0.2047,370.96
Car,1.5245,215.64
Car,0.215,385.56
Car,0.2262,248.61
Car,0.5193,410.22
Car,0.5296,252.29
Car,0.248,390.88
Car,0.4708,240.77
Car,0.3577,377.1
Car,0.3566,240.16
Car,0.1358,408.39
Car,0.2188,247.13
Car,0.1486677,442.7450313
Car,0.2602637,273.0476202
Car,0.2708778,250.1390146
Car,0.1527,403.64
Car,0.0892,248.07
Car,0.1725,434.73
Car,0.1768,248.64
Car,0.3596,435.73
Car,0.6446,271.77
Car,0.7445,274.29
Car,0.5061,462.88
Car,0.2502,430.37
Car,0.3648,270.83
Car,0.3357,457.98
Car,0.6709,275.02
Car,0.1303,254.21
Car,0.1013,417.04
Car,0.2563,256.38
Car,0.1281,446.03
Car,0.2427,257.61
Car,0.1705,422.01
Car,0.2109,452.05
Car,0.3492,260.61
Car,0.5359338,472.5361654
Car,0.3247658,285.0767181
Car,0.3835652,465.337435
Car,0.3858425,493.4245954
Car,0.2830489,285.3426618
Car,0.2997,450.9
Car,0.5598,280.13
Car,0.2885,456.19
Car,0.4508,275.08
Car,0.1785,340.56
Car,0.1316,214.92
Car,0.1059,344.27
Car,0.1062,218.14
Car,0.1486,372.57
Car,0.077,213.82
Car,0.1069,370.1
Car,0.1,214.35
Car,0.3593,335.15
Car,0.4291,206.87
Car,0.1542,333.63
Car,0.3254,212.76
Car,0.1515,334.8
Car,0.1587,360.72
Car,0.8156,210.09
Car,0.1684,358.06
Car,0.8229,206.01
Car,0.1086,343.14
Car,0,208.96
Car,0.1613,341.49
Car,0.0526,212.44
Car,0.1691,370.78
Car,0.0552,214.66
Car,0.173,358.63
Car,0.2707,209.48
Car,0.1627,320.91
Car,0.0901,202.77
Car,0.1497,329.01
Car,0.1917,328.4
Car,0.2835,205.5
Car,0.1625,327.01
Car,0.2244,348.16
Car,0.8655,205.27
Car,0.1488,349.58
Car,0.8498,209.8
Car,0.3975,361.19
Car,0.4952,223.95
Car,0.4726,223.25
Car,0.5338,388.42
Car,0.692,227.02
Car,0.2204,362.9
Car,0.6572,232.3
Car,0.3495,384.81
Car,0.2963,351.28
Car,0.5537,219.12
Car,0.3347,380.82
Car,0.6504,220.46
Car,0.2562,364.08
Car,0.3191,223.93
Car,0.2727,378.52
Car,0.3303,220.49
Car,0.175,355
Car,0.2062,219.51
Car,0.346,385.27
Car,0.5796,222.02
Car,0.3809794,217.8994511
Car,0.2871428,376.1786993
Car,0.2527,366.58
Car,0.5772,211.99
Car,0.388,405.25
Car,0.7686,252.2
Car,0.4194,458.13
Car,0.4315,267.9
Car,0.2251553,257.3810855
Car,0.3526382,420.3248942
Car,0.1693871,418.7225
Car,0.1166567,256.790705
Car,0.2093332,419.082543
Car,0.5159,458.96
Car,0.8053,263.16
Car,0.6002,471.97
Car,0.808,263.96
Car,0.3272,424.2
Car,0.887,268.78
Car,0.4906,459.27
Car,0.808,263.96
Car,0.0517,334.88
Car,0.0517,334.88
Car,0.0517,334.88
Car,0.0517,334.88
Car,0.0196,216.13
Car,0.0196,216.13
Car,0.0196,216.13
Car,0.0196,216.13
Car,0.0758,360.95
Car,0.0758,360.95
Car,0.0758,360.95
Car,0.0758,360.95
Car,0.0441,355.56
Car,0.0441,355.56
Car,0.0441,355.56
Car,0.0441,355.56
Car,0.0149,218.81
Car,0.0149,218.81
Car,0.0149,218.81
Car,0.0149,218.81
Car,0.3005,219.65
Car,0.1072,377.04
Car,0.3123,369.8
Car,0.4183,226.18
Car,0.1917,360.85
Car,0.3361,220.29
Car,0.1425,375.93
Car,0.2909,219.66
Car,0.3224,362.85
Car,0.2843,228.15
Car,0.4889,380.32
Car,0.446,227.06
Car,0.2987,428.57
Car,0.5152,258.54
Car,0.3833,442.6
Car,0.6508,259.04
Car,0.2363,406.45
Car,0.3443,251.59
Car,0.3118,443.74
Car,0.4442,256.94
Car,0.5179,259.7
Car,0.3705,440.07
Car,0.4293,475.09
Car,0.7863,274.04
Car,0.274,426.99
Car,0.2363,255.62
Car,0.3427,442.67
Car,0.5521,254.62
Car,0.2751,430.34
Car,0.5996,264.55
Car,0.4526,458.5
Car,0.7713,267.97
Car,0.1944,447.75
Car,0.323,263.54
Car,0.4233,263.54
Car,0.3164,451.23
Car,0.0781,574.75
Car,0.3641,316.09
Car,0.385409,200.3050615
Car,0.667944,285.3144899
Car,0.3467,262.63
Car,0.0766,184.22
Car,0.8602,351.06
Car,0.3899,391.34
Car,0.8598544,325.08889
Car,0.4926467,308.87385
Car,0.2464869,211.76469
Car,0.2303904,211.00119
Car,1.0518937,326.8325
Car,0.4528884,318.3974551
Car,0.1412,327.44
Car,0.2726,390.36
Car,0.5271,386.75
Car,0.0735,205.12
Car,0.1847,319.35
Car,0.0908,208.07
Car,0.2827,310.71
Car,0.0678,206.88
Car,0.1706,442.29
Car,0.1485,278.67
Car,0.1807,467.79
Car,0.1218,284.22
Car,0.331,492.9
Car,0.14,283.56
Car,0.211,169.44
Car,0.5643,227.82
Car,1.502,207.88
Car,0.3873,202.6
Car,0.2743,169.81
Car,0.5577,398.92
Car,0.9426,296.88
Car,1.3919,293.84
Car,0.7954529,231.2274381
Car,0.197433,192.4388341
Both,0.2088,338.64
Both,0.1357,205.28
Both,0.1501,339.97
Both,0.0694,204.35
Both,0.2062,339.77
Both,0.0649,206.19
Both,0.2934,350.88
Both,0.1171,206.09
Both,0.087,220.94
Both,0.2719,351.44
Both,0.1434,232.4
Both,0.72,360.86
Both,0.1598,342.58
Both,0.1007,219.52
Both,0.2229,366.54
Both,0.171,369.89
Both,0.0411,241.97
Both,0.1934,341.97
Both,0.1258,213.08
Both,0.1665,346.44
Both,0.1298,214.62
Both,0.0957,350.08
Both,0.1663,217.81
Both,0.192,365.49
Both,0.1427,218.79
Car,0.3121,482.93
Car,0.5698,291.06
Car,0.2854,412.8
Car,0.1192,242.65
Car,0.3517,364.59
Car,0.0848,229.09
Car,0.2883,487.96
Car,0.343,285.75
Car,0.3478783,428.2663595
Car,0.0714551,245.2280257
Car,0.0183504,236.366618
Car,0.2877044,371.4423368
Car,0.6625,485.57
Car,0.6115,294.7
Car,0.6372,450.2
Car,0.46,274.86
Car,0.7336,602.28
Car,0.6456,351.27
Car,0.5789,496.39
Car,0.6926,295.43
Car,0.5678,446.79
Car,0.4786,273.25
Car,0.6619,610.51
Car,0.6267,354.67
Both,0.2125,395.82
Both,0.0788,239.22
Truck,0.037,282.5
Truck,0.037,282.5
Truck,0.037,282.5
Truck,0.037,282.5
Truck,0.0145,212.54
Truck,0.0145,212.54
Truck,0.0145,212.54
Truck,0.0145,212.54
Truck,0.0508,295.11
Truck,0.0508,295.11
Truck,0.0508,295.11
Truck,0.0508,295.11
Truck,0.0152,210.13
Truck,0.0152,210.13
Truck,0.0152,210.13
Truck,0.0152,210.13
Both,0.8582,322.65
Both,0.6223,224.65
Both,0.6209,338.22
Both,1.0062,224.8
Both,0.7383997,382.5934697
Both,0.4517294,246.4232731
Both,0.2614377,252.7437892
Both,0.2868817,375.4820652
Both,0.3227,381.33
Both,0.3964,230.28
Both,0.3115,380.22
Both,0.3091,242.89
Both,0.3794,241.58
Both,0.3674,390.19
Both,0.2643622,250.2012308
Both,0.468535,379.1306399
Both,0.1958344,372.9927851
Both,0.6218534,241.5423528
Both,0.2601,372.08
Both,0.1414,232.18
Both,0.2798,393.76
Both,0.4481,232.87
Truck,0.3578,491.62
Truck,0.5246,330.69
Truck,0.4785,522.35
Truck,0.154,365.02
Truck,0.0388,232.52
Truck,0.1394,386.52
Truck,0.0915,231.87
Truck,0.0513,326.34
Truck,0.0513,326.34
Truck,0.0513,326.34
Truck,0.0513,326.34
Truck,0.021,219.79
Truck,0.021,219.79
Truck,0.021,219.79
Truck,0.021,219.79
Truck,0.0226,384.72
Truck,0.0226,384.72
Truck,0.0226,384.72
Truck,0.0226,384.72
Truck,0.0471,366.43
Truck,0.0471,366.43
Truck,0.0471,366.43
Truck,0.0471,366.43
Truck,0.2375,376.89
Truck,0.2375,376.89
Truck,0.2375,376.89
Truck,0.2375,376.89
Truck,0.0378,338.36
Truck,0.0378,338.36
Truck,0.0378,338.36
Truck,0.0378,338.36
Truck,0.0203,220.38
Truck,0.0203,220.38
Truck,0.0203,220.38
Truck,0.0203,220.38
Truck,0.397,474.6
Truck,0.7151,294.81
Truck,0.2986,501.86
Truck,0.4161,373.51
Truck,0.0864,236.2
Truck,0.0484307,236.7764221
Truck,0.129875,398.7159156
Truck,0.0470883,243.589217
Truck,0.2509,403.85
Truck,0.0514,253.94
Truck,0.1896,421.37
Truck,0.2642,392.45
Truck,0.1122,248.42
Truck,0.3238,420.99
Truck,0.3674,470.2
Truck,0.8212,297.51
Truck,0.3078,503.03
Car,0.7359113,317.6040369
Car,1.0323182,190.6767543
Car,0.9460477,315.7339889
Car,1.1946684,185.4932276
Car,0.2602,315.89
Car,1.3347,184.61
Car,0.0213,235.78
Car,0.3351,374.05
Car,0.8258,454.03
Car,0.3749,304.74
Car,0.1287273,198.4124197
Car,0.3444921,295.1562901
Car,0.4417,303.1
Car,0.1616,198.54
Car,0.2714,282.67
Car,0.0588,187.25
Car,0.2986,324.84
Car,0.196047,222.4813426
Car,0.3061,303.98
Car,0.0879,207.03
Car,0.3071,288.67
Car,0.0537,192.08
Car,0.1086,244.47
Car,0.0663,172.6
Car,0.1154,251.55
Car,0.0966,175.72
Car,0.1797,230
Car,0.2395,163.7
Car,0.2903,173.88
Car,0.2326,233.11
Car,0.6237,232.51
Car,0.7529,156.4
Car,0.7708315,163.3399949
Car,0.5586518,239.0611064
Car,0.5644929,170.3531579
Car,0.3954029,254.5071058
Car,0.3814951,244.0599905
Car,0.3065727,167.6045486
Car,0.2987641,255.7502525
Car,0.3333348,167.528247
Car,0.3509,236.57
Car,0.2661,156.15
Car,0.1237557,194.0098079
Car,0.1995718,272.4884017
Car,0.0494892,189.787774
Car,0.236039,276.0283064
Car,0.1303,250.75
Car,0.0823,173.74
Car,0.3159,176.57
Car,0.2208,238.18
Car,0.2605,245.08
Car,0.2943,169.65
Car,0.1276,210.72
Car,0.1242,275.82
Car,0.1353,194.28
Car,0.256,258.39
Car,0.1755,268.9
Car,0.1493,186.33
Car,0.0875,266.64
Car,0.1074,187.04
Car,0.3269,258.66
Car,0.0804,180.27
Car,0.2504,256.72
Car,0.169,176.5
Car,0.1561,190.98
Car,0.1812102,262.1027269
Car,0.1556712,187.1839312
Car,0.1166004,276.6900218
Car,0.3193,292.98
Car,0.2832,183.79
Car,0.2609874,265.242842
Car,0.1579598,189.603197
Car,0.1669519,188.6236741
Car,0.1461507,280.0962293
Car,0.1478,301.47
Car,0.1729,194.13
Car,0.209,276.81
Car,0.204,192.63
Car,0.1787,266.75
Car,0.0543,176.94
Car,0.1957,257.38
Car,0.1063,175.07
Car,0.2201,267.47
Car,0.1208,183.44
Car,0.1199,195.52
Car,0.0841,273.78
Car,0.1866,195.26
Car,0.4982,261.18
Car,0.2931793,206.8516239
Car,0.2529046,296.1090042
Car,0.1854,203.25
Car,0.3237,270.97
Car,0.6582507,271.9708968
Car,0.3885797,207.8940123
Car,0.3338863,203.7413886
Car,0.3767,275.79
Car,0.3375,194.47
Car,0.5762,305.99
Car,0.7196,205.32
Car,0.214,885
Car,0.381,636
Car,0.076,495
Car,0.836,999
Car,0.181,903
Car,1.374337,325.32014
Car,0.927917,306.665
Car,0.2431506,195.463375
Car,0.6886972,310.4171931
Car,0.7698978,274.8182762
Both,0.419361,300.71133
Both,0.148208,170.69
Both,0.544855,300.12829
Both,0.138247,168.112
Both,0.744653,289.6457
Both,0.197863,162.443
Both,0.109674,160.968
Both,0.636861,284.79152
Both,0.567674,353.81205
Both,0.034162,193.722
Both,0.035511,192.449
Both,0.3458688,372.5937564
Both,0.0105185,200.8907203
Both,0.595102,385.4714
Both,0.02195,217.856
Both,0.68838,381.82446
Both,0.019758,218.721
Both,0.592963,359.61655
Both,0.012756,205.242
Both,0.452893,360.84485
Both,0.014398,206.65
Car,0.485903,490.51335
Car,0.258241,271.092
Car,0.284927,273.12
Car,0.59908,485.87842
Car,0.796228,370.22318
Car,0.029764,224.691
Both,0.363774,410.56653
Both,0.028325,250.166
Both,0.464863,413.62589
Both,0.096965,254.34
Both,0.059867,254.483
Car,0.687818,510.55036
Car,0.44624,281.842
Car,0.735385,476.38942
Car,0.586166,256.438
Car,0.606978,448.19372
Car,0.169973,253.891
Car,0.150446,250.826
Car,0.577011,474.54975
Car,0.105689,272.198
Car,0.884332,552.39543
Car,0.836387,451.583
Car,0.301556,319.409
Car,0.321324,551.29889
Car,0.066985,308.268
Car,0.295442,438.965
Car,0.417129,370.3176
Car,0.05931,205.615
Car,0.040175,197.456
Car,0.687117,359.58772
Car,0.447356,475.1244
Car,0.244652,258.709
Car,0.093877,233.399
Car,0.437932,386.03239
Car,0.819049,276.59398
Car,0.795943,276.7576
Car,0.356564,173.885
Car,0.218101,174.537
Car,0.654232,252.42547
Car,0.19319,170.973
Car,0.635011,251.5644
Car,0.174383,170.158
Car,0.349371,275.18603
Car,0.484217,171.526
Car,0.376888,275.79564
Car,0.28718,172.241
Car,0.643528,244.4832
Car,0.14424,156.6
Car,0.18461,156.6
Car,0.659421,244.77624
Both,0.235821,305.42522
Both,0.068689,189.079
Both,0.230771,301.18293
Both,0.053957,188.301
Both,1.408327,311.39393
Both,0.287362,200.783
Both,1.358472,313.72324
Both,0.219911,201.049
Car,0.1027799,178.5453801
Car,0.6555284,311.2107469
Car,0.7392205,308.9534901
Both,1.061693,293.52978
Both,0.27185,179.039
Both,1.151974,302.30642
Both,0.330644,182.341
Truck,0.371149,381.31731
Truck,0.013023,243.849
Truck,0.51036,375.10981
Truck,0.052377,238.933
Truck,0.347269,399.00969
Truck,0.041898,258.446
Truck,0.371715,395.03893
Truck,0.035944,256.199
Truck,0.741695,521.0953
Truck,0.089502,286.133
Truck,0.091152,283.127
Car,0.406564,251.08039
Car,0.163578,182.789
Both,0.828596,282.64718
Both,0.816606,193.197
Car,0.4126897,192.2496321
Car,1.9801486,291.3358213
Car,0.833685,269.57371
Car,0.175946,190.972
Car,0.971387,270.01731
Car,0.522827,191.085
Both,0.878057,313.90709
Both,0.415917,207.737
Truck,0.739362,339.48839
Truck,0.274892,233.278
Truck,1.001418,339.17983
Truck,0.287355,234.108
Both,0.715046,340.20712
Both,0.068487,211.04
Truck,0.324081,252.869
Truck,0.300626,255.018
Truck,1.4673442,362.1362386
Both,0.983863,338.70241
Both,0.265306,224.041
Both,0.844697,333.12217
Both,0.270926,224.901
Both,0.447089,346.99261
Both,0.085207,229.757
Both,0.440285,346.63366
Both,0.083476,228.423
Both,0.3589612,387.8945463
Both,0.1735262,240.9523569
Both,0.4085681,382.3387339
Both,0.2258827,206.9866687
Both,0.8720848,326.2695587
Both,0.252293,340.35304
Both,0.023244,219.886
Both,0.263504,339.33748
Both,0.017224,217.908
Both,0.68401,324.29538
Both,0.133767,193.09
Both,0.809592,321.68836
Both,0.066494,194.541
Both,0.274312,366.93647
Both,0.02274,243.311
Both,0.261549,367.29376
Both,0.024463,244.28
Truck,0.336966,340.22632
Truck,0.144954,236.161
Truck,0.090654,290.1
Truck,0.6376,507.89322
Truck,0.065104,359.7397
Truck,0.065104,359.7397
Truck,0.065104,359.7397
Truck,0.004943,238.769
Truck,0.004943,238.769
Truck,0.004943,238.769
Truck,0.061955,363.5842
Truck,0.061955,363.5842
Truck,0.061955,363.5842
Truck,0.004854,239.86
Truck,0.004854,239.86
Truck,0.004854,239.86
Truck,0.34043,377.9
Truck,0.02564,249
Truck,0.0381171,268.2230611
Truck,0.3043297,421.9515798
Truck,0.7699529,531.4853879
Truck,0.1609687,319.9102261
Truck,0.074655,384.45149
Truck,0.074655,384.45149
Truck,0.074655,384.45149
Truck,0.07027,379.14767
Truck,0.07027,379.14767
Truck,0.07027,379.14767
Truck,0.003953,259.406
Truck,0.003953,259.406
Truck,0.003953,259.406
Truck,0.005007,259.268
Truck,0.005007,259.268
Truck,0.005007,259.268
Truck,0.936018,563.07996
Truck,0.25474,343.854
Truck,0.108792,204.215
Truck,1.741527,300.2058
Truck,0.287395,214.56
Truck,2.003601,304.24011
Truck,0.778643,348.88845
Truck,0.111091,277.615
Both,0.5318258,201.8611563
Both,1.1685666,290.5048957
Both,1.0683176,320.0806735
Both,0.3978624,206.2660626
Both,0.564094,302.9025
Both,0.456391,297.09834
Both,0.103748,188.411
Both,0.501998,297.86191
Both,0.152848,188.072
Both,1.365259,276.08782
Both,0.445722,195.021
Both,1.132527,278.0666
Both,0.605239,194.168
Both,1.1601631,331.5249654
Both,0.3685051,216.1570644
Both,0.5292589,218.3723264
Truck,0.57661,447.34155
Truck,0.125075,318.829
Truck,0.168523,302.756
Truck,0.722352,426.39295
Car,0.876785,453.42397
Car,0.140352,309.365
Truck,0.850064,429.94932
Truck,0.141971,297.145
Truck,0.191532,250.108
Truck,0.725934,385.31775
Truck,0.901912,388.56779
Truck,0.309748,251.993
Truck,0.660282,420.18817
Truck,0.030851,257.66
Truck,0.554349,417.7078
Truck,0.035587,256.746
Truck,0.178733,300.852
Truck,0.167113,296.051
Truck,0.679864,481.19085
Truck,0.549944,476.22187
Truck,0.22705,292.585
Truck,0.712586,503.94486
Truck,0.230738,310.425
Truck,0.268298,311.998
Truck,0.534698,483.1826
Truck,0.581988,479.12308
Truck,0.09296,415.3
Truck,0.09296,415.3
Truck,0.09296,415.3
Truck,0.07861,413
Truck,0.07861,413
Truck,0.07861,413
Truck,0.00064,272.1
Truck,0.00064,272.1
Truck,0.00064,272.1
Truck,0.0035,273.9
Truck,0.0035,273.9
Truck,0.0035,273.9
Truck,0.0129754,247.7275022
Truck,0.0129754,247.7275022
Truck,0.0129754,247.7275022
Truck,0.1675682,385.3712789
Truck,0.1675682,385.3712789
Truck,0.1675682,385.3712789
Truck,0.10002,387.3
Truck,0.10002,387.3
Truck,0.10002,387.3
Truck,0.08466,386
Truck,0.08466,386
Truck,0.08466,386
Truck,0.00443,261.1
Truck,0.00443,261.1
Truck,0.00443,261.1
Truck,0.00334,261.1
Truck,0.00334,261.1
Truck,0.00334,261.1
Truck,0.0098375,261.3457495
Truck,0.0098375,261.3457495
Truck,0.0098375,261.3457495
Truck,0.1013407,397.8850292
Truck,0.1013407,397.8850292
Truck,0.1013407,397.8850292
Both,0.8776347,334.4049683
Both,0.3165058,220.3503536
Car,1.348739,614.21549
Car,0.402376,354.838
Car,1.36513,489.588
Car,1.138563,583.19676
Car,1.16825,314.95
Car,2.36347,445.913
Car,0.248,514.92
Car,0.245,372.615
Car,0.189,496.3
Car,0.229,374.38
Car,0.424,366.231
Car,0.716,614.689
Car,0.294,364.293
Car,0.629,589.921
Car,0.308,448.891
Car,0.179,278.713
Car,0.368,421.772
Car,0.138,277.637
Car,0.27,466.559
Car,0.294,279.11
Car,0.294,437.378
Car,0.145,278.797
Car,0.705,596.476
Car,0.276,406.09
Car,0.75,577.186
Car,0.255,398.22
Car,0.658,667.14
Car,0.317,408.16
Car,0.902,632.11
Car,0.359,404.771
Car,0.505,628.71
Car,0.285,390.02
Car,0.579,596.198
Car,0.272,385.81
Car,0.502,708.95
Car,0.22,389.168
Car,0.226,385.06
Car,0.58,670.92
Car,0.2640784,172.8648383
Car,0.6753526,161.3825111
Car,0.1932374,169.7150958
Car,0.4081054,154.5939573
Truck,0.359697,383.191
Truck,0.0821658,235.96
Truck,0.225503,210.576
Truck,0.830504,335.289
Truck,1.0657,392.557
Truck,0.0647708,239.812
Truck,0.404421,414.253
Truck,0.442083,278.646
Truck,0.398052,408.341
Truck,0.199778,265.211
Truck,0.606644,351.947
Truck,0.115168,223.314
Truck,0.695226,322.856
Truck,0.397889,212.614
Truck,0.540442,497.043
Truck,0.146573,353.713
Truck,0.581128,453.336
Truck,0.532493,290.075
Truck,0.671991,486.871
Truck,0.457357,313.727
Truck,0.580394,498.452
Truck,0.358555,328.879
Truck,0.706014,488.438
Truck,0.298827,314.934
Truck,0.576867,476.729
Truck,0.175746,301.173
Truck,0.741684,500.198
Truck,0.141142,319.515
Truck,0.307774,479.541
Truck,0.0690141,319.007
Truck,0.507888,497.25
Truck,0.146214,330.457
Truck,0.186507,279.511
Truck,0.433832,429.938
Truck,0.374885,409.736
Truck,0.169357,269.556
Truck,0.529654,389.958
Truck,0.201059,275.824
Truck,0.292742,397.136
Truck,0.167259,248.719
Truck,0.620037,413.648
Truck,0.293604,262.806
Truck,1.14662,452.945
Truck,0.725147,308.731
Truck,0.853787,435.9
Truck,0.6523,294.739
Truck,0.54516,368.207
Truck,0.0872127,250.065
Truck,0.01514,259.622
Truck,0.24914,364.012
Truck,0.416214,384.329
Truck,0.02623,250.2653
Truck,0.380078,422.43
Truck,0.0168261,287.752
Truck,0.33771,400.6605
Truck,0.02243,271.9015
Truck,0.435827,403.944
Truck,0.0089947,278.499
Truck,0.02016,267.0792
Truck,0.386,386.3671
Truck,0.0116595,260.717
Truck,0.321264,396.625
Truck,0.373729,412.82
Truck,0.0336899,267.651
Truck,1.18138,359.453
Truck,0.111739,242.839
Truck,0.587808,428.204
Truck,0.0334059,281.769
Truck,0.222975,274.355
Truck,0.373042,394.094
Truck,0.82609,449.71
Truck,0.0167915,288.43
Truck,0.1975,435.2212
Truck,0.0165,271.6875
Truck,0.523483,468.016
Truck,0.01591,271.0894
Truck,0.0196777,286.906
Truck,0.24236,436.6978
Truck,0.896645,476.515
Truck,0.20436,436.8153
Truck,0.02264,271.8447
Truck,0.0153709,286.306
Truck,0.950818,509.07
Truck,0.0623574,345.682
Truck,0.1784,480.6433
Truck,0.0327,327.4232
Truck,0.726044,484.186
Truck,0.0165455,306.406
Truck,0.2774,460.366
Truck,0.0214,286.3655
Car,0.299,174.5
Car,0.60656,248.44
Car,0.1146615,170.5934991
Car,0.3059481,252.7136641
Car,1.33556,211.616
Car,0.828796,143.701
Car,1.2631,213.643
Car,0.513089,396.465
Car,0.189911,251.855
Car,0.150387,464.061
Car,0.0158718,296.377
Car,0.313691,444.194
Car,0.0273608,284.33
Car,0.35788,239.9845
Car,0.993715,255.429
Car,0.25364,148.0657
Car,0.459812,154.45
Car,0.007419,160.996
Car,0.0913794,253.258
Car,0.653646,222.199
Car,0.149402,147.314
Car,0.1780238,157.5391172
Car,0.9671118,232.7277223
Car,0.2838148,152.0873189
Car,0.6947131,146.3079723
Car,0.541343,322.75
Car,0.160824,201.969
Car,0.245417,192.117
Car,0.681343,310.604
Car,0.513588,292.213
Car,0.146074,170.441
Car,0.684535,277.468
Car,0.20993,167.989
Car,0.362153,175.157
Car,0.432954,175.807
Car,0.2237914,379.535697
Car,0.0078516,230.0535454
Car,0.466587,472.258
Car,0.0305195,252.755
Car,0.407701,381.253
Car,0.496896,594.838
Car,0.677565,405.87
Car,0.0158798,222.514
Car,0.128921,326.017
Car,0.0163024,197.652
Car,0.182652,340.931
Car,0.0166261,209.372
Car,0.356734,312.74
Car,0.035951,200.53
Car,0.372354,449.211
Car,0.0766771,255.72
Car,0.242918,452.871
Car,0.0337064,258.174
Car,0.0397037,263.098
Car,0.357206,456.929
Car,0.457076,472.035
Car,0.0398581,275.103
Car,0.392967,470.856
Car,0.395652,462.366
Car,0.0501615,273.275
Car,0.0328206,266.018
Car,0.623999,471.159
Car,0.0776672,283.077
Car,0.562149,479.84
Car,0.0440759,284.021
Car,0.376985,389.767
Car,0.0202949,242.263
Car,0.790635,528.212
Car,0.156657,307.835
Car,0.800086,505.809
Car,0.0654087,293.522
Car,0.76132,344.826
Car,0.275069,212.181
Truck,1.70023,500.422
Truck,2.07838,334.457
Truck,0.5755655,327.6542328
Truck,0.9984895,503.4224765
Truck,1.0226,372.751
Truck,1.06,352.1613
Truck,1.38042,509.254
Truck,1.2005,489.5341
Truck,2.49966,348.759
Truck,2.08644,509.257
Car,0.121254,418.769
Car,0.009722,255.853
Car,0.482212,365.753
Car,0.211986,224.595
Car,0.142748,449.629
Car,0.0103533,281.4
Car,0.151499,458.477
Car,0.0327049,283.601
Car,0.509372,256.32
Car,0.921254,388.877
Car,0.6167,241.5857
Car,0.481,363.3
Car,0.352703,389.431
Car,0.201777,237.695
Car,0.300159,387.194
Car,0.284132,240.736
Truck,0.282195,213.315
Truck,0.62188,312.685
Truck,0.806446,323.243
Truck,0.284286,214.363
Truck,0.714563,313.495
Truck,0.250682,211.283
Truck,0.776311,315.927
Truck,1.4937,335.514
Truck,0.538961,222.258
Truck,0.657952,223.088
Truck,1.1696,346.003
Truck,0.742012,227.421
Truck,0.767567,228.281
Truck,1.24751,356.718
Car,0.406686,370.595
Car,0.26643,224.927
Car,0.638568,343.419
Car,0.217102,227.436
Truck,0.508393,400.863
Truck,0.237316,246.504
Truck,0.464543,485.098
Truck,0.268899,325.557
Truck,0.5047071,493.4242136
Truck,0.2178917,337.8855667
Both,0.19273,411.4
Both,0.07628,230.8
Car,0.5940324,173.6
Car,0.5940324,173.6
Car,1.3470479,282.1
Car,1.3470479,282.1
Both,0.265211,414.936
Both,0.101043,241.91
Both,0.265211,419.2
Both,0.101043,246.2
Both,0.390079,361.136
Both,0.10784,202.626
Car,0.78,371.8
Car,0.18,234.5
Car,0.095313,203.4610451
Car,0.6593072,345.4409391
Both,0.913989,329.619
Both,0.249242,196.609
Car,0.74302,513.7
Car,0.50605,344.5
Car,0.418046,364.085
Car,0.0735885,212.945
Car,0.418046,376.6
Car,0.0735885,222.2
Car,0.235105,344.5
Car,0.272129,229.6
Car,0.0653726,228.5
Car,0.235105,329.1
Car,0.272129,214.7
Car,0.0653726,213.6
Car,0.235105,339.2
Car,0.272129,222.7
Car,0.0653726,221.6
Car,0.235105,343.1
Car,0.272129,221.1
Car,0.0653726,220
Car,0.4211545,330.5084051
Car,0.237784,193.6831587
Car,0.6070358,329.2735399
Both,0.2996,385.453
Both,0.053124,227.832
Car,0.434334,344.171
Car,0.190457,209.053
Car,0.167506,268.523
Car,0.655264,456.822
Both,0.547747,384.7
Both,0.132,221.1
Both,0.560081,384.7
Both,0.157106,240.2
Car,0.910439,614.987
Car,0.910439,614.987
Car,0.337493,364.68
Car,0.337493,364.68
Truck,0.321635,479.977
Truck,0.126504,293.944
Truck,0.321635,485.6
Truck,0.126504,303.3
Truck,0.462361,491.424
Truck,0.206456,308.362
Truck,0.462361,493.7
Truck,0.206456,310.7
Both,0.50005,417.204
Both,0.03267,255.981
Both,0.591973,448.284
Both,0.258372,272.241
Both,0.43843,399.832
Both,0.02565,247.172
Both,0.724778,411.814
Both,0.0527863,259.343
Both,0.573017,457.828
Both,0.0669483,283.732
Both,0.0412553,279.432
Both,0.812804,436.361
Car,0.21689,422.811
Car,0.0688617,263.328
Car,0.326195,319.301
Car,0.90464,570.273
Car,0.5888181,510.4271188
Car,0.1751974,319.6465493
Car,0.296727,448.201
Car,0.0039214,268.16
Car,0.235266,489.612
Car,0.0967106,308.198
Car,0.235266,465.3
Car,0.0967106,287.6
Both,0.12439,396.7
Both,0.03547,234.5
Both,0.12439,437.8
Both,0.03547,257.6
Both,0.13092,422.989
Both,0.06436,228.168
Car,0.95193,451.1
Car,0.0797,264.5
Car,0.95193,472.7
Car,0.0797,279.5
Car,1.42214,451.1
Car,0.277,253.9
Both,0.57432,316.042
Both,0.18273,197.151
Both,0.6285,309.317
Both,0.07378,197.294
Both,0.48847,348.5
Both,0.2938,222.7
Both,0.48847,348.5
Both,0.2938,222.7
Both,0.69817,339.2
Both,0.19453,219.4
Both,0.69817,339.2
Both,0.19453,219.4
Truck,0.41587,490.367
Truck,0.423114,309.321
Truck,0.705,442.1
Truck,0.191,279.5
Truck,0.301475,425.3
Truck,0.0540068,265.6
Truck,0.705,451.1
Truck,0.191,275.1
Truck,0.301475,434.1
Truck,0.0540068,261.2
Truck,0.705,448.8
Truck,0.191,289.5
Truck,0.301475,431.2
Truck,0.0540068,274.9
Truck,0.705,444.4
Truck,0.191,283
Truck,0.301475,428.2
Truck,0.0540068,269
Truck,0.705,442.1
Truck,0.191,279.5
Truck,0.705,451.1
Truck,0.191,275.1
Truck,0.705,448.8
Truck,0.191,289.5
Car,0.12439,379.669
Car,0.03547,212.396
Car,0.758591,633.583
Car,0.0741824,371.042
Car,0.758591,612.9
Car,0.0741824,356.9
Car,0.758591,612.9
Car,0.0741824,356.9
Car,1.05105,499.224
Car,0.0990138,295.091
Car,0.825072,551.568
Car,0.419132,334.453
Both,0.183796,393.576
Both,0.0264451,247.409
Both,0.34933,391.223
Both,0.01602,242.376
Car,0.675931,491
Car,0.306934,279.5
Car,1.06004,419.2
Car,0.309,469.8
Car,0.0750345,267.9
Car,0.532277,511.959
Car,0.0353316,304.335
Truck,0.448224,366.131
Truck,1.2061,244.632
Truck,0.984693,352.943
Truck,0.945613,237.154
Truck,0.614068,389.91
Truck,0.752334,248.148
Truck,3.8816193,252.885387
Truck,1.404827,381.4741024
Truck,0.709379,406.895
Truck,0.890529,263.735
Truck,0.824232,481.675
Truck,0.934811,366.787
Car,0.830518,421.225
Car,0.250839,232.981
Car,0.842192,405.219
Car,0.842192,405.219
Car,0.388863,210.114
Car,0.388863,210.114
Car,0.622451,444.07
Car,0.341189,214.148
Car,0.327144,220.376
Car,0.676901,481.547
Car,0.551761,295.16
Car,0.477423,467.143
Car,0.294588,279.322
Car,0.521715,538.557
Car,0.250977,299.183
Car,0.138725,243.361
Car,0.211326,147.103
Car,0.138725,263.7
Car,0.211326,166.1
Car,0.4630998,179.8427335
Car,0.37103,311.466212
Car,0.29045,171.521
Car,0.279803,277.32
Car,0.0079786,153.9586364
Car,0.0079786,153.9586364
Car,0.0079786,153.9586364
Car,0.2400265,292.3471281
Car,0.2400265,292.3471281
Car,0.2400265,292.3471281
Car,0.0069132,152.5160134
Car,0.0069132,152.5160134
Car,0.0069132,152.5160134
Car,0.133294,266.9
Car,0.311303,166.4
Car,0.193884,266.9
Car,0.818007,166.1
Car,0.133294,263.7
Car,0.311303,161.9
Car,0.193884,263.7
Car,0.818007,161.6
Both,0.7541638,429.3
Both,0.0873996,256.1
Both,0.0873996,270.1017655
Both,0.7541638,448.6408471
Both,0.288,313.887
Both,0.06446,202.82
Both,0.20314,333.935
Both,0.11816,203.609
Truck,1.37525,645.137
Truck,0.40125,387.664
Truck,1.37525,678.4
Truck,0.40125,402.1
Truck,2.16998,409.5
Truck,1.31104,662.6
Truck,0.08172,398.4
Truck,3.3755,678.4
Truck,2.16998,409.5
Truck,3.3755,678.4
Truck,1.06791,691.8
Truck,0.26553,411.4
Truck,3.03841,716.7
Truck,1.99919,429.3
Both,0.0644535,396.86
Both,0.90297,367.715
Both,0.0356616,213.308
Both,0.01789,199.424
Both,0.0644535,417.2
Both,0.90297,391
Both,0.0356616,229.6
Both,0.01789,216.3
Car,0.387337,375.564
Car,0.0903113,220.689
Both,0.144732,357.962
Both,0.0469082,216.663
Truck,0.474675,430.344
Truck,0.224579,287.903
Truck,0.42595,430.667
Truck,0.181034,290.121
Truck,0.42595,403.5
Truck,0.181034,270.2
Truck,0.474675,396.7
Truck,0.224579,266.1
Truck,0.42595,414.1
Truck,0.181034,274.9
Truck,0.474675,405.8
Truck,0.224579,270.1
Truck,0.42595,431.2
Truck,0.181034,282.3
Truck,0.474675,423.2
Truck,0.224579,277.7
Truck,0.474675,425.2
Truck,0.224579,289.5
Truck,0.42595,431.2
Truck,0.181034,295.5
Truck,0.532304,480.831
Truck,0.180324,306.872
Truck,0.25638,460.367
Truck,0.120687,296.37
Truck,0.188936,285.423
Truck,0.698,454
Truck,0.301475,433.659
Truck,0.0540068,266.808
Truck,0.188936,285.423
Truck,0.698,454
Truck,0.369903,476.9
Truck,0.199175,296.9
Truck,0.440952,472.7
Truck,0.0991138,295.2
Truck,0.439127,460.5
Truck,0.0930089,293.3
Truck,0.440952,472.7
Truck,0.0991138,295.2
Truck,0.439127,460.5
Truck,0.0930089,293.3
Truck,0.188936,285.423
Truck,0.698,454
Truck,0.299777,437.22
Truck,0.0718379,269.744
Truck,0.188936,293.3
Truck,0.698,460.5
Truck,0.299777,449.6
Truck,0.0718379,279.8
Truck,0.188936,290.4
Truck,0.698,458.1
Truck,0.299777,446.5
Truck,0.0718379,277.3
Truck,0.188936,293.3
Truck,0.698,460.5
Car,0.705647,340.772
Car,0.797843,211.186
Car,0.481404,275.109
Car,0.0669996,168.845
Car,0.539763,270.487
Car,0.0602904,170.331
Car,0.453068,294.3
Car,0.0734607,191.9
Car,0.467057,255.4
Car,0.41126,171.2
Car,0.47435,238.202
Car,0.0544547,156.352
Car,0.2069443,177.7
Car,0.2449787,282.1
Car,0.147484,262.2
Car,0.134758,180.6
Car,0.4501499,276.9
Car,0.0671452,186.3
Car,0.0497772,184.776
Car,0.380699,252.805
Car,0.1602658,161.5033025
Car,0.5548506,223.3808235
Car,0.292027,216.847
Car,0.202128,158.776
Car,0.0768573,202.119
Car,0.574323,286.238
Car,1.789,233.936
Car,1.85211,270.216
Car,1.86506,241.518
Car,1.24355,184.5448
Car,0.44002,165.42127
Truck,0.401273,497.074
Truck,0.383932,317.902
Truck,0.447435,512.554
Truck,0.165463,319.872
Truck,0.5369071,552.6700887
Truck,0.2076676,365.6077139
Truck,2.03689,711
Truck,0.474835,423.2
Car,0.462,331.2
Car,0.221,205.68
Car,1.611,292.25
Car,0.345,414.6
Car,1.226,363.88
Car,0.369,286.17
Car,0.104,180.11
Car,0.163,355.23
Car,0.069,222.96
Car,0.1396796,386.6089208
Car,0.0657296,237.0296642
Truck,0.098,350.84
Truck,0.005,224.48
Truck,0.083,362.05
Truck,0,235.19
Both,0.0183414,281.1647093
Both,0.0072084,170.1607322
Both,0.035,276.66
Both,0.004,176.06
Car,0.151,321.19
Car,0.049,179.83
Car,0.148,321.41
Car,0.045,180.6
Car,0.09,326.97
Car,0.04,195.51
Car,0.102,327.61
Car,0.035,195.17
Car,0.09,288.57
Car,0.046,179.58
Car,0.064,287.72
Car,0.041,180.23
Car,0.05,305.23
Car,0.04,189.2
Car,0.073,308.67
Car,0.044,186.96
Car,0.122,339.63
Car,0.02,194.63
Car,0.162,339.89
Car,0.02,196.37
Car,0.161,328.42
Car,0.02,182.62
Car,0.173,327.49
Car,0.015,183.34
Car,0.119,342.92
Car,0.082,197.59
Car,0.118,343.06
Car,0.096,196.79
Car,0.135,330.37
Car,0.053,183.34
Car,0.141,331.14
Car,0.057,183.05
Car,0.267,390.01
Car,0.003,225.72
Car,0.278,391.78
Car,0.003,227.74
Car,0.0223244,174.5470595
Car,0.0679495,262.268696
Car,0.096,254.24
Car,0.018,172.41
Car,0.0664395,266.3706946
Car,0.0231535,174.8032353
Car,0.0687187,262.0502709
Car,0.085,250.15
Car,0.01,169.65
Car,0.0727054,266.3271596
Car,0.0117641,184.1018944
Car,0.0128377,185.7909357
Car,0.0570875,273.5545068
Car,0.059,255.44
Car,0.015,172.79
Car,0.05,253.86
Car,0.014,173.36
Car,0.038,251.25
Car,0.013,167.91
Car,0.047,249.71
Car,0.01,169.1
Car,0.041,265.24
Car,0.007,180.44
Car,0.038,264.36
Car,0.009,180.41
Car,0.185,205.76
Car,0.153,123.68
Car,0.075,126.42
Car,0.1754868,206.5873781
Car,0.1044624,130.0523816
Car,0.1760573,129.3018001
Car,0.249,244.54
Car,0.054,173.55
Car,0.28,244.68
Car,0.059,172.75
Car,0.086,228.08
Car,0.032,162.49
Car,0.0464298,164.6034153
Car,0.1681101,238.8438656
Car,0.078,229.03
Car,0.043,162.85
Car,0.109,223.62
Car,0.047,159.37
Car,0.091,225.11
Car,0.034,159.24
Car,0.035,228.09
Car,0.12,163.37
Car,0.1,162.74
Car,0.044,229.6
Car,0.0802342,161.8265468
Car,0.1024243,232.7304028
Car,0.042,222.67
Car,0.036,157.65
Car,0.08,192.82
Car,0.091,124.26
Car,0.123,194.57
Car,0.113,124.28
Car,0.0613396,154.2994228
Car,0.1386082,224.2646939
Car,0.092,213.48
Car,0.026,148.47
Car,0.04,214.9
Car,0.063,149.67
Car,0.036,214.32
Car,0.063,149.17
Car,0.056,144.35
Car,0.046,131.45
Car,0.133,145.73
Car,0.046,133.35
Car,0.065,143.86
Car,0.061,131.43
Car,0.048,145.92
Car,0.067,132.53
Car,0.163,335.46
Car,0.04,213.34
Car,0.122,406.14
Car,0.931,366.21
Car,0.638,299.32
Both,0.083397,265.4914783
Both,0.0086685,189.8976183
Both,0.0875132,256.6122953
Both,0.0080401,186.8714997
Both,0.108,252.15
Both,0.012,183.9
Both,0.136,249.73
Both,0.014,184.36
Both,0.12,263.68
Both,0.015,194.65
Both,0.13,265.61
Both,0.011,195.29
Both,0.1007803,272.073919
Both,0.0085908,196.1011665
Both,0.0641216,265.6460453
Both,0.0068807,194.0945642
Both,0.108,259.6
Both,0.011,187.92
Both,0.106,261.58
Both,0.007,191.56
Car,0.247,185.08
Car,0.15,159.79
Car,0.268,217.03
Car,0.146,163.03
Both,0.394,320.94
Both,0.083,205.07
Car,0.135,355.99
Car,0.021,213.23
Car,0.013,228.53
Car,0.127,377.35
Car,0.192,208.26
Car,0.035,161.95
Car,0.188,208.17
Car,0.023,161.54
Car,0.322,236.26
Car,0.053,171.49
Car,0.313,232.04
Car,0.08,167.74
Car,0.03,151.87
Car,0.1742354,198.3511029
Car,0.166,197.67
Car,0.04,150.82
Truck,0.166,371.69
Truck,0.059,229.58
Car,0.046,250
Car,0.174,391.89
Car,0.166,401.08
Car,0.055,250.41
Car,0.18,408.1
Car,0.074,261.09
Car,0.212,420.17
Car,0.08,263.25
Car,0.036,358.15
Car,0.038,206.38
Car,0.002,205.82
Car,0.055,357.12
Car,0.1228233,359.5251996
Car,0.0084885,221.2527458
Car,0.1032,375.7709
Car,0.0012,226.2511
Car,0.1357,280.8065
Car,0.0035,177.759
Car,0.102,284.4219
Car,0.0087,183.3401
Car,0.2206,285.6865
Car,0.0534,177.9645
Car,0.0932,291.3327
Car,0.0183,185.9381
Car,0.1942,287.7302
Car,0.024,190.3202
Car,0.0203805,192.8838354
Car,0.1728175,286.6533909
Car,0.2002,291.9675
Car,0.0434,192.0793
Car,0.1758,287.3749
Car,0.0397,186.0638
Car,0.3224,253.8639
Car,0.3594,171.8962
Car,0.2857,254.967
Car,0.1958,169.0118
Car,0.3057,481.0397
Car,0.053,277.8358
Car,0.0483655,255.0800646
Car,0.160143,436.0278819
Car,0.2443,390.114
Car,0,222.3062
Car,0.288,484.0132
Car,0.1035,275.9066
Car,0.363,452.2789
Car,0.3141,279.1342
Car,1.0904,383.4408
Car,0.2904,504.4056
Car,1.0143,512
Car,0.9995,376.4183
Car,0.5022,499.3705
Car,1.4601,493.4472
Car,0.4445,434.8942
Car,0.1417,260.2726
Car,0.3555,439.2253
Car,0.2082,254.2506
Car,1.1645,376.2277
Car,0.2836,484.808
Car,1.1373,474.4901
Car,0.224,451.9327
Car,0.8776,379.2174
Car,0.2867,516.1408
Car,0.8995,520.3963
Car,0.2144,289.2187
Car,0.3111,455.9223
Car,0.4555,283.3759
Car,0.9331,384.2648
Car,0.238,526.8304
Car,1.2871,504.4297
Car,0.1150184,265.2879347
Car,0.3091388,418.6229046
Car,3.0296085,423.6213434
Car,0.3564,389.6984
Car,0.0565,252.8576
Car,0.28,402.6
Car,0.0566,257.2461
Car,0.24,389.81
Car,0.0835,247.51
Car,0.1395,365.397
Car,0.1111,236.2827
Car,0.1531,384.4865
Car,0.1948,261.2707
Car,0.1462,380.8554
Car,0.0933,256.0844
Car,0.1833,343.209
Car,0.1689,231.7676
Car,0.1135,370.3689
Car,0.057,250.406
Car,0.173,368.2011
Car,0.16,244.446
Car,0.8519,422.8205
Car,0.04151,262.64253
Car,0.2653,414.0176
Car,1.3337,448.6178
Car,0.11835,280.3811
Car,0.55762,424.6579
Car,0.0697243,199.7241153
Car,0.2944279,309.5390395
Car,0.0921,206.731
Car,0.1782,332.4166
Car,0.16,301.1569
Car,0.2055,186.5346
Car,0.2169,293.2051
Car,0.2672,176.0291
Car,0.2691,290.3604
Car,0.4937,179.6677
Car,0.2986,275.8432
Car,0.5853,168.1706
Car,0.5512219,244.8977986
Car,0.0807724,166.9056483
Car,0.0389,184.7263
Car,0.0295,156.6188
Car,0.21475,157.7761198
Car,0.1957213,186.9975157
Truck,0.0953,364.5972
Truck,0.1742,248.54
Truck,0.0918,250.2217
Truck,0.2117066,359.5093212
Truck,0.1523,348.7806
Truck,0.0121,249.6096
Truck,0.1507,338.1645
Truck,0.2164,245.7515
Truck,0.1795,340.4476
Truck,0.2179,221.63
Truck,0.1222,332.5491
Truck,0.2631,219.5241
Truck,0.079,248.3293
Truck,0.1311648,341.4372159
Truck,0.0498,298.6871
Truck,0.0092,217.7611
Car,0.4115,288.0498
Car,0.2599,199.5156
Car,0.346,281.5449
Car,0.119,186.1978
Car,0.0739,184.6212
Car,0.0426,156.9982
Car,0.0335,189.4587
Car,0.0406,160.5696
Car,0.1796,457.95
Car,0.1623,277.25
Car,0.1333,368.27
Car,0.0768,235.07
Car,0.1839,369.06
Car,0.0231,222.23
Car,0.593,335.98
Car,0,459.7
Car,0.964,443.03
Car,0.33,389.36
Car,0.0351,229.35
Car,0.2172,463.28
Car,0.1153,271.5
Car,0.3257,477.17
Car,0.0898,278.84
Car,0.2979,483.11
Car,0.1015,278.38
Car,0.1472,446.73
Car,0.0792,262.52
Car,0.3257,477.17
Car,0.0898,278.84
Car,0.2232,444.29
Car,0.0944,261.38
Car,0.2243,396.28
Car,0.1351,234.86
Car,0.1424,425.95
Car,0.0791,238.51
Car,0.2979,483.11
Car,0.1015,278.38
Car,0.1636,448.01
Car,0.0807,261.65
Car,0.2724,428.89
Car,0.0951,234.83
Car,0.2174,444.21
Car,0.0689,234.1
Car,0.082,286.27
Car,0.2279,454.5
Car,0.2409,446.73
Car,0.0758,268.18
Car,0.3683,484.2
Car,0.1012,296.18
Car,0.2973,473.59
Car,0.09,295.79
Truck,0.31,355
Truck,0.1,243
Truck,0.6178,406.99
Truck,0.1528,270.5
Truck,0.2113,420.89
Truck,0.0126,282.19
Truck,0.1783,337.2
Truck,0.2859,212.6
Car,0.4409,255.1639
Car,0.2616,172.1963
Car,0.4604,250.8674
Car,0.2324,165.7893
Car,0.4342,240.5042
Car,0.2439,158.7337
Car,0.3584,252.3893
Car,0.45,163.219
Car,0.3310959,167.2130472
Car,0.4918208,262.423501
Car,0.5643,255.6351
Car,0.534,171.208
Car,0.6135,253.3168
Car,0.5675,163.2473
Car,0.4328,274.8773
Car,1.5588,276.9733
Car,0.1374,288.7338
Car,0.0152,180.5782
Car,0.7907,282.8472
Car,0.8384867,249.1608214
Car,0.281916,167.6034233
Car,0.8192,238.1643
Car,0.6781,155.166
Car,0.6019,253.0668
Car,0.2681,165.1582
Car,0.1213,276.4371
Car,1.7066,272.6076
Car,0.2278,250.4243
Car,0.1229,176.056
Car,0.1299,242.3359
Car,0.091,170.1254
Car,0.4197,260.0282
Car,0.2286,178.6685
Car,0.3217,258.5981
Car,0.2018,175.0418
Car,0.109,490.0606
Car,0.8911,345.7012
Car,0.7656,418.43
Car,0.3615,379.003
Car,0.0646,236.71
Car,0.2048,283.6807
Car,0.084,173.526
Car,0.6456,277.4531
Car,0.2291,277.2628
Car,0.039,168.467
Car,0.4448,270.195
Car,0.0458,286.8689
Car,3.8958,295.3028
Car,0.0325,177.9269
Car,0.0217,283.1685
Car,0.0028,175.414
Car,0.8933,271.4901
Car,0.2969,272.3218
Car,0.295,166.5458
Car,0.1412,162.8462
Car,0.2524,260.0544
Car,0.4147799,255.1355832
Car,0.2727772,160.5112525
Car,0.1807,275.4275
Car,0.1816,166.8959
Car,0.2666,268.5215
Car,0.1303,160.3563
Car,0.1958,278.7531
Car,0.0166,184.9423
Car,0.6468,284.8841
Car,0.1919,316.2032
Car,0.1125,215.6159
Car,0.1743,312.2589
Car,0.0925,208.37
Car,0.2103,276.9979
Car,0.0117,183.6258
Car,0.1698,278.6561
Car,0.1059,285.9037
Car,0.098,192.3127
Car,1.1892,278.0762
Car,0.2427,324.8977
Car,0.192,217.905
Car,0.1023,330.0219
Car,0.2743675,216.7889529
Car,0.1126,470.3812
Car,0.0951,275.6736
Car,0.2161,346.3287
Car,0.1773,203.0742
Car,0.0441,316.9818
Car,0.066,202.355
Car,0.0718,311.4563
Car,0.0638,187.0878
Car,0.1189,311.5874
Car,0.06,198
Car,0.1237,297.7142
Car,0.038,181.2143
Car,0.0103974,239.5655333
Car,0.12672,399.8459602
Car,0.2544,245.908
Car,0.229,161.598
Car,0.403,255.2974
Car,0.342,173.1793
Car,0.2048,249.3776
Car,0.1715,163.9126
Car,0.2791,255.4076
Car,0.1838228,169.8898769
Car,0.3527,247.2876
Car,0.2983,167.9009
Car,0.2467,242.8045
Car,0.252,164.366
Truck,0.074,402.4325
Truck,0.2599,264.4888
Truck,0.08847,391.9028
Truck,0.0407,257.5353
Truck,0.0986,433.0131
Truck,0.1507,287.1551
Car,0.1153923,272.6405445
Car,0.4042556,407.0626122
Car,0.522,400.7573
Car,0.1886,269.6432
Car,0.2321,388.0195
Car,0.0325,262.1326
Car,0.2521,382.5991
Car,0.0268,245.4103
Car,0.1757,347.7821
Car,0.0451,231.8047
Car,0.1263,360.8567
Car,0.0491,251.2861
Car,0.1064171,298.4447909
Car,0.0500264,205.5858806
Car,0.0947,301.9803
Car,0.0841,210.2624
Car,0.2999,284.5921
Car,0.5933,207.3508
Car,0.1486,288.7743
Car,0.3247,206.9935
Car,0.0915291,208.4274996
Car,0.2063571,287.7577795
Truck,0.5296998,243.1385721
Truck,0.3961946,345.4218176
Truck,0.2932,374.1645
Truck,0.4387,257.8835
Truck,0.0786,362.3031
Truck,0.0079,245.6073
Truck,0.1275,357.583
Truck,0.0085,236.0014
Truck,0.2145,358.4291
Truck,0.0497,257.5639
Truck,0.1841,353.345
Truck,0.0713,240.7767
Truck,0.1545,340.7771
Truck,0.0615,221.0838
Truck,0.1255,335.0081
Truck,0.061,219.603
Truck,0.5168,258.1649
Truck,0.4957,371.0282
Truck,0.2212,247.9582
Truck,0.495,359.9244
Car,4.886,784
Car,1.437,804
Car,0.927,708
Car,0.321,392
Car,0.712,532
Car,4.886,784
Car,0.692,744
Car,1.2148705,417.9545797
Car,1.2696798,771.3893189
Car,2.2746283,590.8789553
Car,0.718,705
Car,0.01,353
Car,1.377,527
Car,0.493,477.1
Car,0.089,267.1
Car,0.715,477.5
Car,0.093,248.6
Car,0.403,466.6
Car,0.153,266.9
Car,0.748,463.6
Car,0.135,256.1
Car,0.774,560.258
Car,0.239,318.614
Car,0.487,573.423
Car,0.223,313.164
Car,0.479,560.136
Car,0.203,311.998
Car,0.459,568.004
Car,0.236,310.862
Car,0.586,541.3
Car,0.084,300.4
Car,0.634,536.4
Car,0.142,283.1
Car,0.1501662,277.5907688
Car,0.8080128,474.8168251
Car,0.701,483.3
Car,0.065,250.5
Truck,0.15,263
Truck,0.12,181
Truck,0.11,271
Truck,0.19,204
Truck,0.34,261
Truck,0.16,194
Truck,0.19,257
Truck,0.24,195
Truck,0.12,285
Truck,0.03,208
Truck,0.2,295
Truck,0.03,214
Truck,0.15,282
Truck,0.02,198
Truck,0.21,278
Truck,0.18,280
Truck,0.03,200
Truck,0.33828,436.446
Truck,0.0917543,292.68
Truck,0.246025,406.68
Truck,0.213607,262.889
Truck,0.358783,431.101
Truck,0.250133,271.369
Car,0.1,232
Car,0.01,153
Car,0.16,236
Car,0.01,156
Car,0.04,243
Car,0.02,160
Car,0.06,247
Car,0.04,168
Car,0.02,159
Car,0.1,238
Car,0.03,162
Car,0.08,242
Car,0.08,227
Car,0.01,151
Car,0.06,230
Car,0.01,156
Car,0.07,245
Car,0.01,161
Car,0.0239778,172.7559947
Car,0.0893118,256.164582
Car,0.1023603,254.7088025
Car,0.0035587,177.17954
Car,0.06,237
Car,0.01,156
Car,0.0022368,160.2554995
Car,0.0811696,239.8606165
Car,0.0136798,171.3352292
Car,0.141895,274.6955045
Car,0.0060881,178.0653844
Car,0.109745,270.978954
Car,0.23,317
Car,0.07,214
Car,0.1133569,219.9126715
Car,0.5134327,334.6911256
Car,7.416487,355.449209
Car,0.12,274
Car,0.02,169
Car,0.11,280
Car,0.02,175
Car,0.09,255
Car,0.01,162
Car,0.19,271
Car,0.0237146,169.5000433
Car,0.0259663,158.4972698
Car,0.1295442,243.0675002
Car,0.08,246
Car,0.01,155
Car,0.5588,306
Car,0.2049,225
Car,0.51,324
Car,0.096,224
Car,0.3924,316
Car,0.0494,217
Car,0.2784,344
Car,0.0376,219
Car,0.7791,323
Car,0.0629,227
Car,0.4682,346
Car,0.0874,227
Car,0.166,451.9
Car,0.024,291
Car,0.769,397.8
Car,0.072,535.1
Car,1.162,546
Car,0,550.3
Car,0.0189253,315.5847313
Car,0.9550242,418.9799633
Car,0.2321439,457.1260128
Car,1.493,526.1
Car,0.1463,403.61
Car,0.4097,258.23
Car,0.7041,323.82
Car,0.4006,199.96
Car,0.083,186.36
Car,0.3414,277.7
Car,0.2101,287.05
Car,0.01,200.83
Car,0.5168,350.95
Car,1.302,220.32
Car,0.26474,420.8
Car,0.2213,362.91
Car,1.1159,233.29
Car,0.198,331.61
Car,0.0528,221.74
Car,0.39188,265.6
Car,0.11603,164.6
Both,0.495,285.44
Both,0.1001,189.1
Both,0.2514,281.01
Both,0.1167,189.25
Car,0.4434,304.65
Car,0.1611,207.04
Car,0.2794,346.74
Car,0.078,211.42
Car,0.0733828,242.0995605
Car,0.353043,365.9447407
Car,0.0890449,240.2571617
Car,0.2121,404.89
Car,0.235,243
Car,0.6624,268.63
Car,0.6004,426.54
Car,0.1011,457.97
Car,0.5802,292.33
Both,0.0534,276.53
Both,0.0534,276.53
Both,0.0534,276.53
Both,0.0064,171.23
Both,0.0064,171.23
Both,0.0064,171.23
Both,0.0632,288.85
Both,0.0632,288.85
Both,0.0632,288.85
Both,0.0063,186.3
Both,0.0063,186.3
Both,0.0063,186.3
Car,1.4708,218.7
Car,0.3508,343.43
Car,0.109,335.04
Car,0.047,211.38
Car,2.2302,223.7
Car,1.0664,358.82
Car,0.5239709,223.5570741
Car,0.8637097,375.0549395
Car,0.5506963,365.2753107
Car,0.0847,215.18
Car,0.0646,322.78
Car,0.2129,341.94
Car,0.2334,228.8
Car,0.2013,351.34
Car,0.1487,238.56
Car,0.2752,344.95
Car,0.0866,217.54
Car,0.2705,342.17
Car,0.0827,216.32
Car,0.2585,345.11
Car,0.0872,212.98
Car,0.2517,357.58
Car,0.1033,229.55
Car,0.1022,349.99
Car,0.0035,223.8
Car,0.318,371.53
Car,0.0919,238.95
Car,0.1423,293.7
Car,0.1223,221.95
Car,0.3423,414.86
Car,0.1543,250.25
Car,0.4472,404.38
Car,0.1574,242.05
Car,0.1108,441.43
Car,2.4792,276.29
Car,0.2462,465.22
Car,2.5982,288.75
Car,0.2215,461.51
Car,3.0959,292.32
Truck,0.1381,615.61
Truck,0.2375,436.84
Truck,0.0142,280.47
Truck,0.0142,280.47
Truck,0.0142,280.47
Truck,0.1278,423.1
Truck,0.1278,423.1
Truck,0.1278,423.1
Truck,0.3763,421.19
Truck,0.1936,304.85
Truck,1.7158,604.77
Truck,0.9611,537.48
Truck,1.6069,358.2
Truck,1.1479,634.79
Truck,1.922,532.22
Truck,1.31838,736.6
Truck,0.3623,598.79
Truck,0.7926,429.53
Truck,0.30352,709.06
Truck,1.71025,638.69
Truck,1.06249,652.36
Truck,0.3698,541.05
Truck,0.6399,365.5
Truck,0.28791,642.53
Truck,1.36376,566.33
Both,0.4918,275.05
Both,0.099,175.53
Both,0.3236,287.39
Both,0.1408,196.54
Both,0.3299,292.24
Both,0.2189,187.8
Car,0.3932,302.57
Car,0.1351,217.38
Truck,0.0053,217.49
Truck,0.0053,217.49
Truck,0.0053,217.49
Truck,0.0686,324.75
Truck,0.0686,324.75
Truck,0.0686,324.75
Both,0.1938,371.92
Both,0.0153,250.32
Both,0.18105,373.5
Car,0.32509,376.73
Car,0.23979,251.1
Car,0.48023,376.68
Both,0.1211212,392.2488893
Both,0.0318482,256.9933089
Both,0.6576789,408.1416695
Truck,0.3318,389.25
Truck,0.2803,258.22
Truck,0.0049,233.16
Truck,0.0049,233.16
Truck,0.0049,233.16
Truck,0.09,344.74
Truck,0.09,344.74
Truck,0.09,344.74
Truck,0.0053,388.17
Truck,0.0053,388.17
Truck,0.0053,388.17
Truck,0.0033,445.89
Truck,0.0033,445.89
Truck,0.0033,445.89
Truck,0.2069,471.01
Truck,0.2069,471.01
Truck,0.2069,471.01
Both,0.2204,390.7
Both,0.2633,271.2
Both,0.7445,403.82
Both,0.2948,284.6
Both,0.1318,382.22
Both,0.1124,265.87
Truck,0.3008,395.68
Truck,0.1328,289.76
Truck,0.4147,520.54
Truck,0.3663,365.13
Truck,0.24591,713.02
Truck,1.2738,551.62
Truck,0.71568,647.15
Car,0.2229,410.66
Car,0.1447,251.86
Car,0.55893,390.89
Car,0.47556,508.49
Car,1.75869,515.51
Car,1.50007,374.66
Car,0.2548,436
Car,0.1991,259.39
Car,1.05557,390.23
Car,0.45963,542.09
Car,1.9119,532.26
Car,0.224,435.39
Car,0.1241,265.99
Car,0.1748,294.63
Car,0.0357,210.68
Car,0.4177936,565.9387899
Car,0.0278194,306.3946063
Car,0.78343,565.46
Car,0.2226,478.99
Car,0.2084,282.5
Car,0.3687,578.83
Car,0.55619,423.93
Car,0.2477,465.13
Car,0.2773,275.16
Car,0.2079,562.9
Car,0.0206,319.91
Car,0.0261458,316.0550386
Car,0.2147099,575.6282879
Car,0.2544,352.39
Car,0.1022,233.64
Car,0.2591,404.49
Car,0.2731,260.91
Car,0.141,448.57
Car,0.1456,275.95
Car,0.34263,385.12
Car,0.20567,504.08
Car,0.86599,565.72
Car,0.33571,511.74
Car,0.03106,304.99
Car,0.3317,308.38
Car,0.1561,194.06
Car,0.1411,312.34
Car,0.0695,195.73
Car,0.0674,218.81
Car,0.3867,330.16
Car,0.2343,372.98
Car,0.4556,233.71
Car,0.35518,351.03
Car,1.08824,466.65
Car,0.02913,413.25
Car,0.1193,344.37
Car,0.2684,557.51
Car,0.8005,289.23
Car,4.7019,235.74
Car,0.1466921,151.8317607
Car,0.1910951,197.2247986
Car,0.2018,546.41
Car,0.2002,333.09
Car,1.13618,279.44774
Car,0.49978,183.21717
Car,0.32516,267.51846
Car,0.22402,183.92905
Car,0.91787,309.35295
Car,0.2029,203.96331
Car,0.6914526,301.8454522
Car,0.3473655,209.1254691
Car,0.14058,184.23176
Car,0.2850086,262.3794387
Car,0.48587,422.12296
Car,0.31228,278.29032
Car,0.90743,426.0291
Car,0.45566,283.77473
Car,0.93541,402.69605
Car,0.4273,254.15928
Car,0.5646746,312.0739856
Car,0.3628511,221.4244545
Car,0.19714,197.57017
Car,0.13998,145.49573
Car,0.05758,138.67102
Car,0.2731135,179.9171549
Truck,0.36017,277.71965
Truck,0.41079,204.9471
Truck,0.33903,290.48768
Truck,0.31827,214.55972
Truck,0.22876,341.92211
Truck,0.14734,226.77512
Truck,0.60955,291.30131
Truck,0.20707,212.29167
Truck,0.38858,270.17596
Truck,0.1027,192.39054
Truck,0.26794,295.42098
Truck,0.28561,216.4332
Truck,0.34726,279.74055
Truck,0.14975,204.65414
Truck,0.21053,303.75361
Truck,0.34086,226.08964
Car,0.3178,243
Car,0.0279,187
Car,0.3828,417
Car,0.1268,254
Car,0.4359,403
Car,0.0981,249
Car,0.8832,434
Car,0.2837,266
Car,0.5571,395
Car,0.0873,242
Car,0.2568,370
Car,0.0796,235
Car,1.0357,410
Car,0.2386,252
Car,0.4203,402
Car,0.098,257
Car,0.4406,400
Car,0.1015,252
Car,0.3859,242
Car,0.0508,185
Car,0.3996,232
Car,0.0312,168
Car,0.4304,237
Car,0.055,174
Car,0.3928,360
Car,0.0977,217
Car,0.3195,360
Car,0.0713,218
Car,0.3695,353
Car,0.0805,214
Car,0.3913,358
Car,0.0792,213
Car,0.2691,365
Car,0.2043,228
Car,0.4109,367
Car,0.1267,225
Car,0.3077,357
Car,0.1097,216
Car,0.3383,357
Car,0.0914,215
Car,0.367,382
Car,0.0756,238
Car,0.2795,385
Car,0.0889,235
Car,0.2972017,379.290488
Car,0.0608433,232.6634131
Car,0.3394397,379.3905424
Car,0.0873678,234.0686641
Car,0.427,242
Car,0.055,178
Car,0.4374,248
Car,0.0523,178
Car,0.3804,257
Car,0.058,203
Car,0.351,254
Car,0.0865,205
Car,0.4485566,385.1874427
Car,0.1645281,245.2058571
Car,0.0920965,249.4591824
Car,0.4059738,406.2852723
Car,0.1542,262
Car,0.2919,402
Car,0.1589,264
Car,0.3286,401
Car,0.1366,260
Car,0.494,401
Car,0.101,258
Car,0.4574,402
Car,0.5525,460
Car,0.4588,282
Car,0.5952,460
Car,0.446,281
Car,0.6311,450
Car,0.1523,275
Car,0.6311,449
Car,0.1523,273
Car,0.6578,452
Car,0.204,276
Car,0.6578,451
Car,0.204,274
Car,0.5686,436
Car,0.3626,261
Car,0.5353,436
Car,0.1527,263
Car,0.226,231
Car,0.0446,186
Car,0.243,234
Car,0.0775,186
Car,0.5038,409
Car,0.1637,260
Car,0.5263,416
Car,0.2111,265
Car,0.6286,403
Car,0.1833,256
Truck,0.0931,246
Truck,0.5105,351
Truck,0.4523,348
Truck,0.0667,242
Truck,0.5098,350
Truck,0.0763,239
Truck,0.4344,345
Truck,0.0658,237
Truck,0.4781,342
Truck,0.0789,230
Truck,0.4706,339
Truck,0.0692,228
Truck,0.3347,259
Truck,0.1497,228
Truck,0.365,263
Truck,0.1107,230
Truck,0.4588,262
Truck,0.3291,227
Truck,0.4017,259
Truck,0.1003,226
Truck,0.2219,256
Truck,0.0702,223
Truck,0.3288,255
Truck,0.0868,221
Truck,0.329,444
Truck,0.1342,295
Truck,0.4976,441
Truck,0.141,292
Truck,0.4,420
Truck,0.2189,269
Truck,0.6486,518
Truck,0.2866,325
Truck,0.7804079,515.7618753
Truck,0.4632163,331.1656795
Truck,0.6258,515
Truck,0.4058,317
Truck,0.8416,513
Truck,0.3501,315
Truck,0.88,548
Truck,0.47,346
Truck,0.67,577
Truck,0.6721,573
Truck,0.0436,345
Truck,0.5572,590
Truck,0.0566,368
Truck,0.6902,590
Truck,0.0492,368
Car,0.438,393
Car,0.1902,244
Car,0.6372,402
Car,0.2541,252
Car,0.6047,408
Car,0.1692,260
Car,0.5975,411
Car,0.2103,262
Car,0.3354,392
Car,0.1106,258
Car,0.3348,393
Car,0.076,260
Car,0.2482,386
Car,0.0888,254
Car,0.4295,307
Car,0.056,199
Car,0.3679,305
Car,0.0438,197
Car,0.4673,305
Car,0.0678,197
Truck,0.7508,580
Truck,0.6774,582
Truck,0.0673,346
Truck,0.0805,338
Truck,0.2114,559
Truck,0.6098,590
Truck,0.0937,371
Truck,0.7176,584
Truck,0.1069,366
Truck,0.0942,349
Truck,0.2081,554
Truck,0.4578,438
Truck,0.129,271
Truck,0.5223,453
Truck,0.1552,287
Truck,0.6769,416
Truck,0.0814,289
Truck,0.4685,366
Truck,0.1045,279
Truck,0.537,408
Truck,0.072,279
Truck,0.2314,268
Truck,0.5258,352
Truck,0.5864,490
Truck,0.2733,318
Truck,0.6213,483
Truck,0.1702,312
Truck,0.6031,471
Truck,0.1252,306
Truck,1.2441,465
Truck,0.546,306
Truck,0.992,449
Truck,0.1958,301
Truck,1.2512,456
Truck,0.335,306
Truck,1.2633023,488
Truck,0.3158825,337
Truck,0.5354,486
Truck,0.2389,313
Truck,0.4816,494
Truck,0.2105,334
Truck,1.0398,440
Truck,0.2753,295
Truck,1.5075,454
Truck,0.8262,317
Truck,0.9413,432
Truck,0.4692,284
Truck,0.5004,460
Truck,0.1641,294
Truck,0.5703,477
Truck,0.2454,314
Truck,0.4672325,472.0171666
Truck,0.1684534,296.8075626
Truck,0.5296,449
Truck,0.1912,287
Car,0.6219,427
Car,0.1604,293
Car,1.4673,402
Car,0.6334,433
Car,0.1845,290
Car,0.6365,396
Car,0.8504,494
Car,0.3672,482
Car,1.1957,442
Car,4.0774,424
Car,0.2986,299
Car,0.2955,479
Car,0.2761,294
Car,3.4366,417
Car,1.0228,436
Car,0.3347,292
Car,0.032,202
Car,0.4673,260
Car,0.0389,201
Car,0.4628,259
Car,0.0821,201
Car,0.2567,260
Car,0.79999,249.6500897
Car,0.0365634,196.6164408
Car,0.0097,192
Car,0.164,242
Car,0.2801,277
Car,0.0406,219
Car,0.4177,245
Car,0.1108,185
Car,0.4376,249
Car,0.1312,185
Car,0.3532,336
Car,0.0575,222
Car,0.3596,328
Car,0.0569,212
Car,0.0445,215
Car,0.3698,332
Car,0.0601969,216.3253593
Car,0.4399066,332.9544705
Truck,3.4575,358
Truck,0.3192,286
Truck,0.2156,217
Car,0.4017,341
Car,0.1305,220
Car,2.9075,363
Car,0.2869,400
Car,0.2366,295
Truck,0.0468,243
Truck,0.4837,362
Truck,0.4521,352
Truck,0.0589,236
Truck,0.4843,345
Truck,0.0469,228
Truck,0.4817,337
Truck,0.0457,222
Truck,0.4619,255
Truck,0.2483,223
Truck,0.5965144,272
Truck,0.2016366,223
Truck,0.4339,266
Truck,0.366,232
Truck,0.4589,266
Truck,0.2259,230
Truck,0.4586,365
Truck,0.048,240
Truck,0.378,356
Truck,0.0346,231
Truck,0.3191,279
Truck,0.136,197
Truck,0.4082,277
Truck,0.2578,201
Truck,0.4205,279
Truck,0.2423,200
Truck,0.373,272
Truck,0.1372,196
Truck,0.3781,269
Truck,0.171,192
Truck,0.2559,246
Truck,0.5704,332
Truck,0.4577,315
Truck,0.1717,234
Truck,0.1937,225
Truck,0.5124,306
Car,1.0095,222
Car,0.3091,159
Car,1.109,221
Car,0.3503,157
Car,0.436493,167.9074396
Car,0.9615854,242.2364733
Car,0.6344,229
Car,0.3446,161
Car,0.32,234
Car,0.13,163
Car,0.23,229
Car,0.16,159
Truck,0.4364,608
Truck,0.0795,394
Truck,0.4281,605
Truck,0.0605,389
Truck,0.0948,582
Truck,0.0462,390
Car,0.9345,247
Car,0.2228,171
Car,0.3679,215
Car,0.0512,158
Car,0.3648,216
Car,0.0498,159
Car,0.3823,214
Car,0.0461,157
Car,0.4224,264
Car,0.1956,173
Car,0.7024,243
Car,0.1931,171
Car,0.3291,214
Car,0.058,155
Car,0.0691,155
Car,0.0534,155
Truck,0.7084,570
Truck,0.0987,357
Truck,0.3078,553
Truck,0.0553,342
Truck,0.6652,596
Truck,0.1089,380
Truck,0.6567,592
Truck,0.0719,378
Truck,0.5614,572
Truck,0.0828,369
Truck,0.5726,572
Truck,0.0581,370
Truck,0.5424,549
Truck,0.084,352
Truck,0.7001,561
Truck,0.0727,361
Truck,0.7764,592
Truck,0.1034,375
Truck,0.726,598
Truck,0.0757,371
Truck,0.2296,567
Truck,0.0935,354
Truck,0.9079,570
Truck,0.0655,365
Truck,0.7282,572
Truck,0.0348,367
Truck,0.2664,546
Truck,0.088,349
Truck,0.2604,539
Truck,0.0578,340
Truck,0.6508,597
Truck,0.0637,392
Truck,0.6038,601
Truck,0.0679,396
Truck,0.2429,580
Truck,0.103,376
Truck,0.6345,559
Truck,0.0553,356
Car,0.0860113,233.146011
Car,0.1317434,375.8877374
Car,0.31366,349.27
Car,0.01196,224.8
Car,0.1974,371.89
Car,0.0263,232.67
Car,0.21687,368.27
Car,0.0645,237.22
Car,0.1486,352.37
Car,0.01254,229.01
Car,0.28219,344.61
Car,0.03596,230.8
Car,0.1646,379.4
Car,0.0336,241.74
Car,0.2368,373.5
Car,0.03036,244.48
Car,0.1825,358.62
Car,0.01233,236.05
Car,0.20595,353.23
Car,0.04102,237.92
Car,0.1488,383.59
Car,0.0213,240.54
Car,0.1045,367.11
Car,0.01423,241.65
Car,0.19366,388.17
Car,0.02576,246.47
Car,0.300215,382.2073781
Car,0.0522952,243.8404598
Car,0.2074,386.18
Car,0.0304,249.39
Car,0.1659,374.84
Car,0.0301,247.71
Car,0.2307,398.05
Car,0.0299,251.16
Car,0.2305,386.11
Car,0.02449,246.65
Car,0.0166,254.32
Car,0.1295,396.87
Car,0.1268,391.83
Car,0.02608,253.61
Car,0.26285,412.3
Car,0.0367,254.75
Car,0.20596,395.4
Car,0.02266,251.76
Car,0.121,372.03
Car,0.0333,233.98
Car,0.23624,367.31
Car,0.02683,235.27
Car,0.1199,348.02
Car,0.0123,224.53
Car,0.20582,336.13
Car,0.02883,225.75
Car,0.2156,378.45
Car,0.0234,233.34
Car,0.12422,367.14
Car,0.02929,236.37
Car,0.1804,361.03
Car,0.01828,234.26
Car,0.1586,379.07
Car,0.02528,238.89
Car,0.20316,371.61
Car,0.04357,240.71
Car,0.10212,372.22
Car,0.0109,234.24
Car,0.1311,392.47
Car,0.0137,244.65
Car,0.1391,369.69
Car,0.07313,244.45
Car,0.22303,396.27
Car,0.01688,244.2
Car,0.2077,382.65
Car,0.01777,243.36
Car,0.2598,488.42
Car,0.16013,313.54
Car,0.21683,386.36
Car,0.05183,243.89
Car,0.2054,368.85
Car,0.06168,240.85
Car,0.1666,395.98
Car,0.04586,250.44
Car,0.1918,379.63
Car,0.07696,247.74
Car,0.40254,429.45
Car,0.03073,261.95
Car,0.4694,398.74
Car,0.05248,259.56
Car,0.20455,309.158
Car,0.15182,257.77
Car,0.1022,319
Car,0.0324,198.07
Car,0.14257,343.45
Car,0.07624,214.17
Car,0.0818,359.2
Car,0.00306,231.21
Car,0.06022,338.04
Car,0.00501,212.41
Truck,0.20378,419.99
Truck,0.00465,260.42
Both,0.26559,335.77
Both,0.3931,263.31
Truck,0.3310332,306.41142
Truck,0.3108595,508.6615248
Car,0.07446,366.48
Car,0.00653,239.05
Car,0.06818,360.28
Car,0.0073,238.91
Car,0.1484,327.68
Car,0.00472,206.17
Car,0.04262,321.26
Car,0.00558,205.08
Truck,0.2258,418.49
Truck,0.03198,280.74
Truck,0.37223,408.31
Truck,0.11968,276.98
Truck,0.018346,275.7519138
Truck,0.4786739,436.859293
Truck,0.643,423.3
Truck,0.1445103,273.5238934
Car,0.38377,396.34
Car,0.20665,228.14
Car,0.27895,379.09
Car,0.1501,227.56
Car,0.35538,405.76
Car,0.1872,237.46
Car,0.27458,382.03
Car,0.14146,235.79
Car,0.4105,416.79
Car,0.1072,238.17
Car,0.28326,394.88
Car,0.06852,238.88
Car,0.2889,426.68
Car,0.0686,241.66
Car,0.36576,400.73
Car,0.103,239.2
Car,0.12088,472.3
Car,0.11805,264.49
Car,0.1336,448.14
Car,0.0976,264
Car,0.443654,307.4393684
Car,0.2178773,216.2393528
Car,0.18996,483.26
Car,0.08157,265.88
Car,0.18282,444.94
Car,0.0728,262.02
Car,0.209,487.13
Car,0.09744,267.34
Car,0.2187,451.13
Car,0.12035,267.42
Car,2.358,472.84
Car,2.5733,443.291
Car,0.2473813,185.650351
Car,1.4418377,331.7543051
Car,0.3190164,239.8490473
Car,1.3093643,418.9087158
Car,3.0400255,388.5249301
Car,0.3125,469.58
Car,0.0413,632.66
Car,0.4182,668.11
Car,0.092,580.73
Car,0.1453,333.26
Car,0.5674,348.29
Car,1.2086,640.76
Car,4.7599,538.77
Car,2.8348,723.7
Car,1.2261,629.51
Car,1.1521,639.4
Car,0.5061,352.1
Car,0.1894,577.03
Car,0.2309,321.96
Car,0.3121,532.7471
Car,0.0239,294.82
Car,1.36,630
Car,0.1388,300.1
Car,0.793,603
Car,0.6264,580
Car,0.1207,299.31
Car,0.2554,561.7736
Car,0.01945,306.3778
Car,0.34,281
Car,0.1,187
Car,0.25,281
Car,0.2,185
Car,0.42,324
Car,0.34,212
Car,0.2633983,323.632344
Car,0.2417145,207.2262794
Both,0.205347,231.34772
Both,0.6830382,301.1377168
Both,0.007271,201.24268
Both,0.054993,284.85855
Both,0.06724,318.39521
Both,0.006642,221.35827
Both,0.036755,242.682069
Both,0.099068,167.637145
Both,0.169045,277.69205
Both,0.074471,182.510202
Both,0.197395,277.422815
Both,0.058765,182.802824
Both,0.05522,252.489991
Both,0.094637,173.127756
Both,0.1871899,287.7495789
Both,0.1190711,189.2015424
Both,0.0672,249.530565
Both,0.101844,172.245183
Both,0.037029,246.94113
Both,0.109948,170.505461
Both,0.042718,246.266472
Both,0.090162,169.852526
Both,0.188241,280.105894
Both,0.081179,186.737682
Both,0.163298,278.434205
Both,0.081478,184.991567
Both,0.049492,264.269239
Both,0.093988,175.457088
Both,0.064625,265.444926
Both,0.0498849,173.2208052
Both,0.137056,262.546327
Both,0.093949,175.67274
Both,0.123698,261.601513
Both,0.177799,173.462484
Both,0.410553,354.897182
Both,0.062408,219.579882
Both,0.042055,275.680845
Both,0.101665,191.582679
Both,0.051539,274.336581
Both,0.098837,189.87732
Both,0.197593,274.719171
Both,0.322859,190.680699
Both,0.208648,272.969983
Both,0.158884,191.49089
Both,0.480566,358.702161
Both,0.03891,232.512157
Both,0.556498,358.702716
Both,0.030896,232.164174
Both,0.954112,438.489198
Both,0.111165,296.332198
Both,0.7110583,305.2799194
Both,0.1255534,212.9527037
Both,0.54638,330.17471
Both,0.081152,223.340966
Both,0.915637,416.377238
Both,0.219932,274.557855
Both,0.045945,264.927722
Both,0.086035,186.535381
Both,0.0399411,207.515288
Both,0.142315,304.2602215
Both,0.132201,229.15252
Both,0.136606,183.815048
Car,0.0366864,222.8797967
Car,0.6932355,207.6336408
Car,0.0077913,163.9900708
Car,0.0403664,161.0698881
Car,0.1239111,249.8110679
Car,0.9108109,204.0613311
Car,0.0368807,233.999381
Car,0.0049541,163.0416422
Car,0.0282566,229.9453526
Car,0.032725,153.7546886
Car,1.0782336,207.0008178
Car,0.0188898,218.5061744
Car,0.0162434,159.5902289
Car,0.0282071,233.9752834
Car,0,161.6669428
Car,0.2048099,337.2546768
Car,0.0207675,205.2658403
Car,0.1247714,335.6663014
Car,0.0225909,200.5143063
Car,0.0192458,199.680422
Car,0.1683592,333.8826326
Car,0.2035336,333.8666163
Car,0.0242938,199.8027067
Car,0.0230291,450.3556386
Car,0.1901411,357.6975722
Car,0.384258,341.6380123
Car,1.2264463,441.8031814
Car,0.1376207,369.1685158
Car,0.0222402,227.3875218
Car,0.1601194,360.5466625
Car,0.2646665,337.3551852
Car,0.0281146,446.6633264
Car,0.0225035,226.7580584
Car,0.0487821,444.3834207
Car,0.167745,357.5893276
Car,0.4856574,334.918967
Car,0.0269077,227.3380305
Car,0.0173328,244.155431
Car,0.3121074,362.118264
Car,0.1328525,376.883887
Car,0.2564522,365.0995443
Car,0.0116206,243.9634281
Car,0.1482559,375.1122492
Car,0.1028921,361.3909655
Car,0.013809,244.7974278
Car,0.1320529,377.3128842
Car,1.0170139,454.5140022
Car,0.0442478,449.577224
Car,1.032717,453.6662666
Car,0.0395284,446.5117993
Car,0.9950341,455.8083183
Car,0.0287013,451.8759975
Car,0.0483595,300.30772
Car,0.795863,293.76457
Car,0.0339028,271.9626487
Car,0.0093727,199.5633167
Car,0.0390829,221.4555253
Car,0.0364545,269.6515343
Car,0.0248327,295.3992463
Car,0.8552661,292.2064701
Car,0.0492526,218.219106
Car,0.0052551,198.2589483
Car,0.0256368,279.9434888
Car,0.0387865,318.0338112
Car,0.6192698,297.4143893
Car,0.0287862,231.3758624
Car,0.0025365,203.39544
Truck,0.0234474,315.1462204
Truck,0.1773816,470.5790611
Car,0.051435,209.2162214
Car,0.0801235,328.1403183
Car,0.0726094,330.1986264
Car,0.0173776,210.3634409
Car,0.0210683,205.1378337
Car,0.0740148,328.3615522
Car,0.0260066,232.141214
Car,0.1182614,349.5070434
Car,0.1351025,348.4347436
Car,0.0174056,232.0977479
Car,0.0775269,347.7014157
Car,0.081168,350.2096168
Car,0.0394014,231.5588206
Car,0.1208448,327.5932197
Car,0.0271986,205.7987209
Car,1.0068961,457.4575183
Car,0.165573,381.0934176
Car,0.4943223,381.0233325
Car,0.0283114,257.5865546
Car,0.027307,464.3283502
Car,0.1521864,382.8041722
Car,0.0242991,254.6485244
Car,0.37824,373.6050199
Car,0.1700988,379.6131476
Car,0.0377524,254.4467122
Car,0.3451276,373.2932194
Car,0.312008,367.6041009
Car,0.0324311,247.0556177
Car,0.1725754,373.1968112
Car,0.3975037,368.3862307
Car,0.032364,245.2055908
Car,0.1609288,371.7630912
Car,0.0326865,248.1834234
Car,0.3933279,369.3355336
Car,0.1883384,369.8454643
Car,0.0596874,235.1906137
Car,0.0877985,364.4222017
Car,0.0293147,234.2250862
Car,0.1063602,363.698665
Car,1.9728012,474.7375918
Car,1.9728012,474.7375918
Car,0.1079581,403.2814354
Car,0.1079581,403.2814354
Car,0.1498084,404.6156553
Car,0.1498084,404.6156553
Car,0.00697,421.8792065
Car,0.00697,421.8792065
Car,1.6228097,444.8623519
Car,1.6228097,444.8623519
Truck,0.0384497,365.419759
Truck,0.1559688,569.1408499
Truck,0.1409947,591.792142
Truck,0.032723,380.5613673
Truck,0.1809866,585.6735009
Truck,0.0447893,376.1819116
Truck,0.0932586,312.0911244
Truck,0.028804,223.5632005
Truck,0.1523752,308.8945975
Truck,0.0203607,223.1791291
Truck,0.0202572,222.9851642
Truck,0.1241728,311.6661502
Truck,0.0915084,305.297214
Truck,0.0258289,216.5207023
Truck,0.1784519,305.6472217
Truck,0.0334379,219.6258546
Truck,0.0197483,219.5583503
Truck,0.1427976,309.6851886
Truck,0.0502693,225.4821693
Truck,0.0894917,314.6308531
Truck,0.1180196,315.4034913
Truck,0.0283782,225.955555
Truck,0.0133814,225.0659159
Truck,0.1287227,314.2814743
Truck,0.0866308,307.5248045
Truck,0.0160666,219.9037926
Truck,0.0977474,305.685047
Truck,0.01229,218.8985734
Truck,0.0128294,217.1965938
Truck,0.1046962,307.7343384
Truck,0.0286905,248.203026
Truck,0.1178928,327.7916749
Truck,0.0972996,319.6166816
Truck,0.0432621,231.3132781
Truck,0.0424153,230.4571731
Truck,0.114746,315.371684
Truck,0.0160454,242.5049756
Truck,0.094954,320.8204425
Truck,0.1339068,315.7478533
Truck,0.0360207,232.1836458
Truck,0.1205086,316.200491
Truck,0.0222884,231.5337491
Truck,0.0142789,208.7136152
Truck,0.112982,194.3704846
Truck,0.0092149,207.4558234
Truck,0.0965266,194.8886372
Truck,0.0818387,192.1302555
Truck,0.0278219,203.9969979
Truck,0.0247284,200.6978762
Truck,0.0798769,186.2487629
Truck,0.0146288,209.5908616
Truck,0.0806803,200.0404653
Truck,0.0847954,200.3295277
Truck,0.0913069,215.6322404
Truck,0.0102794,209.4102514
Truck,0.0192993,203.0984779
Truck,0.0854518,196.527687
Truck,0.0110954,210.1926328
Truck,0.2141946,204.8862389
Truck,0.0952924,200.6846045
Truck,0.0132324,207.5409845
Truck,0.0696994,199.6145945
Truck,0.011915,207.371443
Truck,0.0695411,195.6481706
Truck,0.0184982,202.2642237
Car,0.0540105,425.9731312
Car,0.0370242,254.0324619
Car,0.0454991,370.5714577
Car,0.0315956,504.2435756
Car,0.7275734,515.8309228
Truck,0.1808094,388.3262057
Truck,0.036906,255.1497705
Truck,0.031449,254.6989014
Truck,0.1555003,385.547168
Truck,0.0194814,262.5109038
Truck,0.2391516,392.003409
Truck,0.0165174,266.0268553
Truck,0.1953146,406.7382545
Truck,0.1934547,384.0578935
Truck,0.0267565,247.2431216
Truck,0.0756516,215.3292345
Truck,0.0400576,228.5139217
Truck,0.0650449,212.3015037
Truck,0.0385796,224.3584132
Truck,0.0829564,217.1822011
Truck,0.0437833,228.1586499
Truck,0.1227637,240.640399
Truck,0.0648194,228.9290923
Truck,0.0760614,218.7850873
Truck,0.0401099,228.1134174
Truck,0.0656114,221.2216137
Truck,0.0239236,228.0741092
Car,0.8640599,229.2161468
Car,1.4630028,238.6598324
Car,0.0738304,250.4392063
Car,0.112528,182.1033485
Car,0.0373316,148.9271432
Car,0.0208888,199.7433482
Car,0.1682672,298.0790531
Car,0.1994328,301.0342168
Car,0.0180329,201.51584
Car,0.212791,305.0087983
Car,0.0204063,207.9455038
Car,0.0218963,203.6412523
Car,0.2040398,297.6336629
Truck,0.1209944,419.5139867
Truck,0.0254492,287.6307144
Truck,0.0164346,284.1626387
Truck,0.115477,410.3566328
Truck,0.0168147,298.4722884
Truck,0.0317408,301.1149173
Truck,0.1100896,427.9323209
Truck,0.0350458,297.6840424
Truck,0.1164458,423.9784539
Car,0.1254823,276.8714861
Car,0.0050727,177.1747948
Car,0.1820121,326.8024888
Car,0.0053375,204.7727128
Car,0.0085259,156.5325481
Car,0.029118,150.1595141
Car,0.0226249,152.4829095
Car,0.0026988,157.5352583
Car,0.0353226,157.2902683
Car,0.0058955,160.9587876
Car,0.0003685,163.1150243
Car,0.0487502,163.5234072
Car,0.002793,160.5298184
Car,0.0704804,161.7857551
Car,0.0033835,157.5538163
Car,0.0320359,153.2413782
Car,0.1405024,250.3427994
Car,0.0567045,170.5522079
Car,0.2315429,246.194405
Car,0.0589012,170.949445
Car,0.1818376,235.2674765
Car,0.0755129,161.0592201
Car,0.0282787,169.7427528
Car,0.1728606,237.08629
Car,0.0378394,160.9283447
Car,0.1711839,228.4529608
Car,0.0643727,165.4548297
Car,0.1094286,237.5176731
Car,0.1323868,219.3207439
Car,0.0348882,156.0738786
Car,0.1864253,225.6806788
Car,0.0260837,151.049699
Car,0.1176796,221.2463147
Car,0.0081507,148.5198941
Car,0.1392951,224.4844734
Car,0.0169583,159.1790739
Car,0.01134,157.3190604
Truck,0.6549317,388.8461536
Truck,0.029336,228.0797699
Truck,0.2548565,343.5914663
Truck,0.0364442,252.4895231
Truck,0.1328342,375.0060008
Truck,0.1322734,391.9383457
Truck,0.0495144,265.1114073
Truck,2.097368,301.1286992
Truck,0.0780142,228.6757095
Truck,0.1875647,330.4280528
Truck,0.778685,374.830263
Truck,0.078912,228.9244194
Truck,0.2009796,341.6673586
Truck,2.0176224,297.6799338
Truck,0.3067925,341.6118825
Truck,1.9806786,276.4122688
Truck,0.0679823,227.360127
Truck,0.0417308,229.5593779
Truck,0.1078171,342.3769376
Truck,1.9758768,286.129681
Truck,0.3712048,336.7678694
Truck,0.0864092,229.4927334
Truck,0.0554612,229.5785282
Truck,1.9610967,290.0017833
Truck,0.0707968,225.7091997
Truck,0.2599159,336.2449833
Truck,0.080479,342.2531992
Truck,0.0562582,231.0424187
Truck,0.0616609,226.4794635
Truck,0.100477,318.1827732
Truck,0.3199762,334.7556791
Truck,1.8586268,288.6479894
Truck,0.0469596,226.9724329
Truck,0.1086661,362.4384054
Truck,0.2334094,551.6343522
Truck,0.1523792,546.0003696
Truck,0.0388434,358.7476822
Car,0.0358224,130.8100637
Car,0.0265347,128.6861186
Car,0.0606595,130.0496473
Car,0.0231297,134.0886982
Car,0.0511312,130.1227932
Car,0.0233449,133.1376316
Car,0.0421906,122.8989144
Car,0.024303,125.7411575
Car,0.0400357,121.8403342
Car,0.0163605,126.8913116
Car,0.0509014,121.938424
Car,0.0155781,127.1332557
Car,0.1163039,180.1866934
Car,1.1570106,161.5399364
Car,0.145374,216.8729752
Car,0.0155023,140.4235207
Car,0.0344559,135.2641642
Car,1.1761987,161.178781
Car,0.0856148,183.5887652
Car,0.1167975,195.5228137
Car,0.0089378,132.9247938
Car,0.0401525,124.2234292
Car,0.1174186,176.3921595
Car,1.0907978,151.9797156
Car,0.09445,209.3795917
Car,0.033908,128.8904908
Car,0.0249022,130.6068412
Car,0.1899018,173.5790302
Car,1.0877526,148.8848493
Car,0.0576538,186.3185698
Car,0.0123662,123.567393
Car,0.0418272,117.8270844
Car,0.0504377,180.7904938
Car,0.0579088,124.5113745
Car,0.107999,192.4553382
Car,0.01751,128.1080271
Car,0.0707907,185.3097503
Car,0.0314171,178.3447553
Car,0.4667176,167.0471307
Car,0.5186985,166.81201
Car,0.0247042,130.8641573
Car,0.0574914,126.4968349
Car,0.0619166,187.4788977
Car,0.0618054,187.0234522
Car,0.4335663,167.2872239
Car,0.0804722,121.7013991
Car,0.0188768,128.2509624
Car,0.0923235,148.3199728
Car,0.025964,157.9166662
Car,0.0328881,158.466464
Car,0.0901863,149.1677595
Car,0.082403,148.9344939
Car,0.0354048,158.8428401
Car,0.0806749,143.9604026
Car,0.024057,151.3337471
Car,0.0162389,156.2051586
Car,0.0538928,152.3818514
Car,0.1096944,146.7277363
Car,0.0167258,151.5842487
Car,0.0717125,146.4749212
Truck,0.141941,293.4932214
Truck,0.0056372,202.6738213
Truck,0.0070865,218.0924634
Truck,0.0989253,309.1145429
Truck,0.0146214,214.4620557
Truck,0.14445,308.8751898
Truck,0.0961146,315.5786047
Truck,0.0093568,220.9918903
Truck,0.2303626,550.6731501
Truck,0.0415759,360.2279643
Truck,0.0529863,374.2080431
Truck,0.191646,563.9616548
Truck,0.0360649,372.9322762
Truck,0.1641598,570.9815495
Truck,0.2116084,566.5345276
Truck,0.0341757,369.9306934
Truck,0.1992363,545.7767355
Truck,0.0519706,353.5823587
Truck,0.1820104,560.5876212
Truck,0.0493061,367.3482955
Truck,0.124156,535.2212691
Truck,0.0651739,347.0574228
Truck,0.0375606,255.0882384
Truck,0.2137516,390.839085
Truck,0.0267171,256.8443572
Truck,0.1891753,386.4440785
Truck,0.029053,273.4205755
Truck,0.1253977,430.2261923
Truck,0.370548,428.3006323
Truck,0.7445626,309.4190335
Truck,0.4348003,418.1035893
Truck,0.5628851,298.0902581
Truck,0.4643211,410.2459266
Truck,0.7075553,296.144416
Truck,0.6446891,435.5640136
Truck,0.1997948,305.9304139
Truck,0.0209672,247.9721758
Truck,0.1803537,365.1587192
Truck,0.3494356,393.1034376
Truck,0.1537604,378.9298571
Truck,0.0340654,240.9574472
Truck,0.224223,333.8859737
Truck,0.4317779,309.4667811
Truck,0.4786989,446.8040592
Truck,0.0765241,341.7516556
Truck,0.4640528,464.3173754
Truck,0.1541602,324.8807891
Truck,0.5472967,451.8744676
Truck,0.0326441,283.0500631
Truck,0.1167381,392.2540822
Truck,0.6212868,448.3155279
Truck,0.0331602,286.288428
Truck,0.6200249,447.9154548
Truck,0.1958449,380.9535338
Truck,0.215775,524.5673731
Truck,0.0680902,350.0282956
Truck,0.0120561,336.2534306
Truck,0.1795301,482.800185
Truck,0.0117636,335.6415779
Truck,0.1931341,480.8360319
Truck,0.2109773,560.4281712
Truck,0.0275959,385.1262576
Truck,0.0489212,384.8121182
Truck,0.1874917,556.5503131
Truck,0.0608299,404.3867603
Truck,0.1869005,538.6599919
Truck,0.0398368,376.3958523
Truck,0.0433713,353.6164171
Truck,0.1869967,511.0525462
Truck,0.048989,346.3087181
Truck,0.1898587,510.8076097
Truck,0.2300102,558.6622895
Truck,0.2086583,548.7518885
Truck,0.0317544,364.1309207
Truck,0.2207843,546.0561102
Truck,0.0646978,354.0586481
Truck,0.1601303,522.8810617
Truck,0.0384692,361.9833432
Truck,0.2384261,532.6889327
Truck,0.0508818,349.1894346
Truck,0.1333805,512.903377
Truck,0.2309467,541.0865118
Truck,0.1791808,374.2102674
Truck,0.038007,244.0512138
Truck,0.1162325,346.2512591
Truck,0.0437468,222.5458783
Truck,5.7211403,375.018269
Truck,0.0436601,252.2302394
Truck,0.2065193,384.3661546
Truck,5.7295489,370.9030359
Truck,0.0344408,220.9986816
Truck,0.1063531,339.8341974
Car,0.0418581,175.8659619
Car,0.0386342,175.0186133
Car,0.1267427,223.6061942
Car,0.1362707,222.2331111
Car,0.0395285,169.0826248
Car,0.0364786,166.0793413
Car,0.1469584,221.1217613
Car,0.965,363
Car,0.104,219
Car,0.125,415
Car,0.1562639,305.9465162
Car,0.1476653,314.2450592
Car,0.134,306
Car,0.056,209
Car,0.139,321
Car,0.073,380
Car,0.926,335
Car,0.305,304
Car,0.057,202
Car,0.128,295
Car,0.067,389
Car,1.028,345
Car,0.12,208
Car,1.198,305
Car,0.164,390
Car,1.366,368
Car,0.134,323
Car,0.123,319
Car,0.249,306
Car,0.266,393
Car,1.183,341
Car,0.134,200
Car,0.078,209
Car,0.059,356
Car,0.968,365
Car,0.302,324
Car,0.523,308
Car,0.063,204
Car,0.13,306
Car,0.13,412
Car,1.002,359
Car,0.317,320
Car,0.111,219
Car,0.308,327
Car,0.241,410
Car,0.098,314
Car,1.799,370
Car,0.085,308
Car,0.122,216
Car,0.323,318
Car,0.164,343
Car,1,339
Car,0.35,396
Car,0.073,200
Car,0.49,299
Car,1.096,347
Car,0.084,300
Car,0.41,291
Car,0.07,191
Car,0.28,290
Car,0.07,192
Car,2.54,307
Car,0.2,391
Car,2,367
Car,0.39,328
Car,0.12,210
Car,1.48,314
Car,0.19,432
Car,1.95,358
Car,0.14,321
Car,0.1,213
Car,1.221,359
Car,0.259,293
Car,0.655,382
Car,0.09,315
Car,0.026,197
Car,1.035,353
Car,0.288,317
Car,0.145,287
Car,0.071,412
Car,0.053,199
Car,0.133,277
Car,0.042,192
Car,0.12,286
Car,0.036,195
Car,1.492,283
Car,0.473,296
Car,2.903,333
Car,0.15,155
Car,0.018,205
Car,0.1523765,136.3984078
Car,0,386
Car,1,429
Car,0.28,372
Car,0.02,238
Car,0.25,341
Car,1.33,304
Car,0.03,382
Car,1.95,376
Car,0.21,326
Car,0.19,204
Car,0.24,344
Car,2.61,307
Car,0.2,410
Car,2.25,375
Car,0.06,198
Car,0.14,291
Car,0.03,193
Car,0.06,280
Car,0.018,191
Both,0.46,348
Both,2.01,298
Both,0.18,428
Both,1.92,421
Both,0.13,206
Both,0.26,356
Both,0.08,261
Both,0.45,337
Both,0.09,238
Both,0.09,237
Both,0.96,335
Both,0.33,348
Both,0.07,258
Truck,0.4,416
Truck,0.05,281
Truck,0.646374,266.6770044
Truck,0.2151798,354.2776278
Car,0.79,336
Car,0.33,354
Car,0.07,280
Car,0.28,289
Car,0.11,188
Car,0.33,352
Car,0.97,334
Car,0.121261,300.0390675
Car,0.0167867,191.2708901
Car,0.1427503,309.3649189
Car,0.398,355
Car,0.09,306
Car,0.017,350
Car,0.11,305
Car,0.01,200
Car,1.12,344
Car,0.08,295
Car,0.01,342
Car,0.11,294
Car,0.01,198
Both,0.73,327
Both,0.19,210
Both,0.42,315
Both,0.13,200
Both,0.76,335
Both,0.31,216
Both,0.58,324
Both,0.29,205
Both,0.77,331
Both,0.27,226
Both,0.52,320
Both,0.3,214
Car,0.09,430
Car,0.49,445
Car,0.16,361
Car,0.12,443
Car,0.16,348
Car,0.1717579,391.6758626
Car,0.0120025,225.1236713
Car,0.9021904,359.3671679
Car,0.21,342
Car,0.05,441
Car,0.2,353
Car,1.93,467
Car,0.33,408
Car,0.33,384
Car,0.083,226
Car,0.26,330
Car,0.01,432
Car,1.39,466
Car,0.21,329
Car,0.06,224
Car,0.29,384
Car,0.34,398
Car,1.1,446
Car,0.47,531
Car,1.53,629
Car,0.56,515
Car,0.23,310
Car,2.85,448
Car,0.76,394
Car,0.75,357
Car,0.27,230
Car,2.64,343
Car,0.2628832,222.82523
Car,0.8296322,356.7220364
Car,0.865374,357.5963115
Car,0.13,349
Car,1.66,358
Car,0.12,214
Car,0.38,308
Car,0.2,311
Car,0.2,314
Car,0.11,217
Car,0.47,311
Car,0.09,340
Car,2.03,363
Car,0.01,462
Car,0.19,368
Car,1.1,518
Car,0.04,243
Car,0.26,444
Both,2.07,415
Both,1.71,496
Both,0.18,460
Both,0.56,427
Both,0.48,269
Car,0.25,542
Car,0.3,435
Car,0.04,567
Car,1.23,651
Car,0.15,276
Car,0.1,346
Car,0.2,445
Car,0.34,524
Car,0.021,541
Car,2.75,596
Car,0.06,261
Car,0.06,261
Car,0.06,261
Car,0.01,163
Car,0.01,163
Car,0.01,163
Car,0.06,263
Car,0.06,263
Car,0.06,263
Car,0,178
Car,0,178
Car,0,178
Car,0.09,254
Car,0.09,254
Car,0.09,254
Car,0,176
Car,0,176
Car,0,176
Car,0.0090569,174.5461889
Car,0.077955,273.7590824
Car,0.09,270
Car,0,179
Car,0.09,272
Car,0.02,169
Car,0.09,279
Car,0.04,175
Car,0.08,253
Car,0.08,253
Car,0.08,253
Car,0.01,155
Car,0.01,155
Car,0.01,155
Car,0.0088507,157.7111778
Car,0.0088507,157.7111778
Car,0.0088507,157.7111778
Car,0.1019958,254.8572328
Car,0.1019958,254.8572328
Car,0.1019958,254.8572328
Car,0.07,253
Car,0.07,253
Car,0.07,253
Car,0.01,164
Car,0.01,164
Car,0.01,164
Car,0.02,245
Car,0.02,245
Car,0.02,245
Car,0,166
Car,0,166
Car,0,166
Car,0.0548975,245.8971809
Car,0.0548975,245.8971809
Car,0.0548975,245.8971809
Car,0.0072589,158.6655749
Car,0.0072589,158.6655749
Car,0.0072589,158.6655749
Car,0.03,256
Car,0.03,256
Car,0.03,256
Car,0,180
Car,0,180
Car,0,180
Car,0.04,253
Car,0.04,253
Car,0.04,253
Car,0.01,176
Car,0.01,176
Car,0.01,176
Car,0.03,248
Car,0.03,248
Car,0.03,248
Car,0.01,170
Car,0.01,170
Car,0.01,170
Car,0.07,290
Car,1.2,339
Car,0.03,340
Car,0.1,288
Car,0.01,195
Car,0.01,272
Car,0.41,327
Car,0.03,333
Car,0.09,294
Car,0.01,191
Car,0.0460032,262.9618206
Car,0.0460032,262.9618206
Car,0.0460032,262.9618206
Car,0.008478,169.9657585
Car,0.008478,169.9657585
Car,0.008478,169.9657585
Car,0.413,302
Car,0.086,179
Car,0.0620614,187.8682592
Car,0.3356975,310.4564248
Car,0.538,269
Car,0.141,168
Car,0.176,272
Car,0.038,168
Car,0.232,274
Car,0.106,169
Car,0.417,270
Car,0.055,168
Car,0.128,284
Car,0.015,176
Car,0.133,286
Car,0.029,178
Car,0.05,283
Car,0.013,176
Car,0.187,283
Car,0.035,174
Car,0.05,251
Car,0.05,251
Car,0.05,251
Car,0.01,164
Car,0.01,164
Car,0.01,164
Car,0.22,166
Car,0.15,265
Car,0.4801583,290.1486048
Car,0.2501799,176.2757206
Both,0.54,373
Both,0.29,233
Both,0.41,338
Both,0.65,434
Both,0.59,424
Car,0.18,295
Car,0.2,182
Car,0.44,294
Car,0.35,181
Both,0.53,406
Both,0.7,341
Both,0.3,424
Both,0.29,348
Both,0.28,227
Both,0.56,379
Both,0.62,348
Both,0.24,237
Both,0.81,451
Both,1.13,455
Both,0.32,380
Both,0.32,380
Both,0.33,473
Both,0.33,473
Both,0.82,454
Both,0.82,454
Both,0.19,390
Both,0.19,390
Both,0.12,251
Both,0.12,251
Both,0.32,401
Both,0.51,373
Both,0.88,467
Both,0.55,441
Both,0.24,257
Both,0.42,440
Both,0.82,441
Both,0.3405435,388.6254796
Both,0.3101459,248.0820334
Both,1.549854,380.1797662
Car,0.48,290
Car,0.32,204
Both,0.54,405
Both,0.38,270
Both,0.75,398
Both,0.58,466
Both,1.08,472
Car,0.81,321
Car,0.5,208
Car,0.6,320
Car,0.51,209
Both,0.15,380
Both,0.15,380
Both,0.3,358
Both,0.3,358
Both,0.36,490
Both,0.36,490
Both,0.98,466
Both,0.98,466
Both,0.12,247
Both,0.12,247
Both,0.37,389
Both,0.26,253
Both,0.38,368
Both,0.98,465
Both,0.34,445
Both,0.56,371
Both,0.79,466
Both,1.22,468
Both,0.37,248
Both,0.8,385